,Y,TOP0_CHAMP,TOP0_LVL,TOP0_TOTAL,TOP0_GWR,TOP0_VET,TOP0_RANK,TOP0_HOT,TOP0_KDAG,TOP0_KDA,TOP0_WR,TOP0_NB,TOP0_FILL,JGL0_CHAMP,JGL0_LVL,JGL0_TOTAL,JGL0_GWR,JGL0_VET,JGL0_RANK,JGL0_HOT,JGL0_KDAG,JGL0_KDA,JGL0_WR,JGL0_NB,JGL0_FILL,MID0_CHAMP,MID0_LVL,MID0_TOTAL,MID0_GWR,MID0_VET,MID0_RANK,MID0_HOT,MID0_KDAG,MID0_KDA,MID0_WR,MID0_NB,MID0_FILL,ADC0_CHAMP,ADC0_LVL,ADC0_TOTAL,ADC0_GWR,ADC0_VET,ADC0_RANK,ADC0_HOT,ADC0_KDAG,ADC0_KDA,ADC0_WR,ADC0_NB,ADC0_FILL,SUP0_CHAMP,SUP0_LVL,SUP0_TOTAL,SUP0_GWR,SUP0_VET,SUP0_RANK,SUP0_HOT,SUP0_KDAG,SUP0_KDA,SUP0_WR,SUP0_NB,SUP0_FILL,TOP1_CHAMP,TOP1_LVL,TOP1_TOTAL,TOP1_GWR,TOP1_VET,TOP1_RANK,TOP1_HOT,TOP1_KDAG,TOP1_KDA,TOP1_WR,TOP1_NB,TOP1_FILL,JGL1_CHAMP,JGL1_LVL,JGL1_TOTAL,JGL1_GWR,JGL1_VET,JGL1_RANK,JGL1_HOT,JGL1_KDAG,JGL1_KDA,JGL1_WR,JGL1_NB,JGL1_FILL,MID1_CHAMP,MID1_LVL,MID1_TOTAL,MID1_GWR,MID1_VET,MID1_RANK,MID1_HOT,MID1_KDAG,MID1_KDA,MID1_WR,MID1_NB,MID1_FILL,ADC1_CHAMP,ADC1_LVL,ADC1_TOTAL,ADC1_GWR,ADC1_VET,ADC1_RANK,ADC1_HOT,ADC1_KDAG,ADC1_KDA,ADC1_WR,ADC1_NB,ADC1_FILL,SUP1_CHAMP,SUP1_LVL,SUP1_TOTAL,SUP1_GWR,SUP1_VET,SUP1_RANK,SUP1_HOT,SUP1_KDAG,SUP1_KDA,SUP1_WR,SUP1_NB,SUP1_FILL
EUW1_6087646201,True,Sett,212,519,0.5260115606936416,False,"['PLATINUM', 'IV', 99]",False,"[3.4, 4.8, 3.4]","[2.0, 5.0, 3.3333333333333335]",0.6666666666666666,3,False,FiddleSticks,438,1044,0.5067049808429118,False,"['PLATINUM', 'IV', 61]",False,"[6.8, 6.8, 5.2]","[0.0, 0.0, 0.0]",0.5,0,True,Qiyana,212,571,0.5359019264448336,False,"['PLATINUM', 'III', 55]",True,"[8.2, 4.8, 5.8]","[6.5, 4.0, 5.75]",0.75,4,False,Jhin,524,446,0.5112107623318386,False,"['PLATINUM', 'II', 66]",True,"[4.4, 4.2, 12.0]","[5.0, 0.0, 1.0]",1.0,1,True,Janna,424,506,0.5118577075098815,False,"['PLATINUM', 'II', 79]",False,"[7.0, 4.2, 8.6]","[0.0, 0.0, 0.0]",0.5,0,True,Jax,130,190,0.5578947368421052,False,"['PLATINUM', 'IV', 40]",False,"[11.4, 6.0, 4.8]","[0.0, 0.0, 0.0]",0.5,0,True,Poppy,785,941,0.49946865037194477,False,"['PLATINUM', 'IV', 8]",False,"[5.6, 6.8, 6.6]","[3.0, 9.0, 4.0]",0.0,1,False,Lux,359,108,0.5,False,"['DIAMOND', 'IV', 58]",False,"[3.8, 4.4, 12.4]","[7.5, 5.0, 6.0]",0.0,2,True,Sivir,456,183,0.44808743169398907,False,"['PLATINUM', 'III', 57]",False,"[7.2, 5.4, 9.0]","[4.333333333333333, 5.333333333333333, 8.0]",0.3333333333333333,3,False,Lulu,381,416,0.5120192307692307,False,"['PLATINUM', 'IV', 31]",False,"[1.0, 5.6, 9.6]","[0.0, 0.0, 0.0]",0.5,0,False
EUW1_6135981885,True,Gragas,490,64,0.5,False,"['GOLD', 'I', 0]",False,"[7.6, 4.4, 7.2]","[0.0, 0.0, 0.0]",0.5,0,True,Twitch,161,74,0.5675675675675675,False,"['GOLD', 'IV', 73]",True,"[6.8, 5.2, 9.0]","[4.333333333333333, 6.666666666666667, 9.0]",0.0,3,False,Diana,403,651,0.5176651305683564,False,"['PLATINUM', 'III', 32]",False,"[8.8, 5.8, 5.4]","[12.0, 6.0, 6.0]",0.0,1,False,Ezreal,319,561,0.5044563279857398,False,"['PLATINUM', 'III', 45]",False,"[6.6, 5.0, 7.4]","[0.0, 0.0, 0.0]",0.5,0,False,Senna,398,857,0.5087514585764294,False,"['PLATINUM', 'II', 23]",False,"[2.8, 9.2, 6.8]","[3.3333333333333335, 9.333333333333334, 7.666666666666667]",0.0,3,False,Zilean,281,346,0.4682080924855491,False,"['PLATINUM', 'III', 74]",False,"[4.6, 7.0, 5.4]","[1.0, 1.0, 9.0]",1.0,1,False,Kayn,261,753,0.5112881806108898,False,"['PLATINUM', 'II', 64]",False,"[7.2, 7.4, 11.2]","[7.2, 7.4, 11.2]",0.6,5,False,Sylas,392,132,0.553030303030303,False,"['PLATINUM', 'II', 7]",False,"[4.2, 4.0, 10.2]","[0.0, 0.0, 0.0]",0.5,0,False,Ahri,108,130,0.5307692307692308,False,"['PLATINUM', 'III', 18]",False,"[8.8, 5.4, 6.0]","[9.25, 5.5, 6.75]",0.5,4,False,Thresh,441,247,0.4898785425101215,False,"['PLATINUM', 'IV', 59]",False,"[4.2, 7.2, 7.4]","[3.0, 7.0, 9.0]",0.0,1,True
EUW1_6141454095,False,Kayle,73,276,0.4927536231884058,False,"['PLATINUM', 'III', 64]",True,"[8.6, 5.8, 10.8]","[0.0, 0.0, 0.0]",0.5,0,True,Ekko,446,192,0.5520833333333334,False,"['PLATINUM', 'IV', 81]",False,"[10.8, 3.8, 6.4]","[0.0, 0.0, 0.0]",0.5,0,False,Swain,186,170,0.48823529411764705,False,"['GOLD', 'II', 96]",False,"[8.6, 7.2, 6.6]","[0.0, 0.0, 0.0]",0.5,0,False,MissFortune,536,7,0.5714285714285714,False,"['BRONZE', 'I', 5]",False,"[8.0, 5.2, 7.0]","[9.25, 5.5, 6.25]",0.75,4,False,Karma,333,321,0.5420560747663551,False,"['PLATINUM', 'II', 14]",False,"[3.4, 7.0, 14.0]","[0.0, 0.0, 0.0]",0.5,0,False,KSante,64,155,0.5870967741935483,False,"['PLATINUM', 'III', 57]",False,"[8.6, 3.8, 7.6]","[8.0, 4.25, 8.0]",0.75,4,False,Zac,267,671,0.5007451564828614,False,"['PLATINUM', 'III', 11]",False,"[4.6, 3.8, 10.6]","[4.6, 3.8, 10.6]",0.4,5,False,Zed,103,734,0.5217983651226158,False,"['PLATINUM', 'IV', 46]",False,"[3.4, 7.8, 4.0]","[6.5, 6.0, 3.0]",0.0,2,False,Seraphine,856,265,0.5169811320754717,False,"['PLATINUM', 'III', 12]",False,"[8.6, 6.8, 6.6]","[0.0, 0.0, 0.0]",0.5,0,False,Ashe,209,383,0.5639686684073107,False,"['GOLD', 'I', 46]",False,"[3.2, 4.4, 16.4]","[3.5, 3.5, 13.5]",1.0,2,False
EUW1_6054234514,True,DrMundo,481,1106,0.515370705244123,False,"['PLATINUM', 'I', 0]",False,"[1.8, 3.0, 3.4]","[1.8, 3.0, 3.4]",0.6,5,False,Diana,367,390,0.5051282051282051,False,"['PLATINUM', 'IV', 75]",False,"[3.4, 8.0, 6.2]","[7.0, 10.0, 11.0]",0.0,1,True,Yone,218,409,0.511002444987775,False,"['PLATINUM', 'III', 33]",False,"[5.0, 6.0, 7.6]","[0.0, 0.0, 0.0]",0.5,0,False,Nilah,535,8,0.125,False,"['IRON', 'II', 39]",False,"[11.0, 4.0, 9.8]","[12.0, 3.5, 9.0]",1.0,4,False,Bard,454,1091,0.5123739688359303,False,"['PLATINUM', 'III', 14]",False,"[2.0, 6.4, 15.6]","[2.0, 4.0, 19.0]",1.0,1,False,Garen,542,1120,0.51875,False,"['PLATINUM', 'I', 75]",False,"[2.6, 3.2, 6.0]","[0.0, 0.0, 0.0]",0.5,0,True,JarvanIV,517,1179,0.5004240882103478,False,"['PLATINUM', 'IV', 87]",False,"[9.6, 5.6, 7.6]","[0.0, 0.0, 0.0]",0.5,0,False,Ahri,849,1830,0.5016393442622951,False,"['PLATINUM', 'IV', 0]",False,"[5.6, 7.6, 7.4]","[0.0, 0.0, 0.0]",0.5,0,False,MissFortune,998,2125,0.5054117647058823,False,"['PLATINUM', 'II', 6]",False,"[9.2, 6.4, 7.2]","[10.0, 8.0, 6.0]",0.3333333333333333,3,False,Braum,52,192,0.5364583333333334,False,"['PLATINUM', 'III', 1]",False,"[2.0, 6.2, 8.4]","[0.0, 0.0, 0.0]",0.5,0,False
EUW1_6139010034,True,KSante,185,400,0.5225,False,"['SILVER', 'III', 59]",False,"[6.2, 5.2, 6.2]","[7.0, 6.0, 10.0]",1.0,1,True,Vi,149,439,0.5603644646924829,False,"['GOLD', 'III', 59]",False,"[10.8, 6.2, 5.8]","[0.0, 0.0, 0.0]",0.5,0,True,Corki,202,612,0.5261437908496732,False,"['PLATINUM', 'IV', 0]",False,"[9.0, 4.8, 9.4]","[0.0, 0.0, 0.0]",0.5,0,False,Jhin,166,207,0.4927536231884058,False,"['GOLD', 'III', 75]",False,"[8.8, 6.6, 5.8]","[0.0, 0.0, 0.0]",0.5,0,True,Blitzcrank,108,21,0.6190476190476191,False,"['BRONZE', 'II', 84]",False,"[3.2, 6.8, 10.8]","[0.0, 0.0, 0.0]",0.5,0,False,Sett,262,754,0.4827586206896552,False,"['SILVER', 'IV', 82]",False,"[2.6, 11.4, 4.8]","[0.0, 0.0, 0.0]",0.5,0,True,Shaco,66,19,0.15789473684210525,False,"['BRONZE', 'II', 43]",False,"[4.4, 7.0, 10.8]","[0.0, 0.0, 0.0]",0.5,0,False,Ahri,654,77,0.5974025974025974,False,"['PLATINUM', 'III', 0]",False,"[10.0, 5.4, 9.2]","[12.0, 7.0, 8.0]",0.0,1,False,Ashe,239,89,0.42696629213483145,False,"['SILVER', 'IV', 0]",False,"[5.6, 7.2, 5.8]","[0.0, 0.0, 0.0]",0.5,0,False,Pyke,159,773,0.5032341526520052,False,"['BRONZE', 'III', 74]",True,"[10.2, 2.0, 8.0]","[0.0, 0.0, 0.0]",0.5,0,True
EUW1_6139527683,True,Renekton,237,13,0.5384615384615384,False,"['SILVER', 'I', 72]",False,"[5.0, 7.2, 3.6]","[7.666666666666667, 8.666666666666666, 4.333333333333333]",0.0,3,False,MasterYi,351,227,0.4889867841409692,False,"['GOLD', 'III', 47]",False,"[10.2, 7.2, 5.4]","[11.666666666666666, 6.333333333333333, 4.666666666666667]",0.6666666666666666,3,False,Orianna,212,27,0.4444444444444444,False,"['GOLD', 'IV', 41]",False,"[3.6, 5.4, 5.0]","[7.0, 7.0, 11.0]",0.0,1,False,Tristana,115,139,0.41007194244604317,False,"['SILVER', 'IV', 0]",False,"[7.4, 5.0, 7.4]","[8.0, 6.5, 11.0]",1.0,2,False,Thresh,279,5,0.8,False,"['GOLD', 'III', 17]",True,"[2.0, 7.2, 11.2]","[0.0, 9.0, 25.0]",1.0,1,False,Irelia,42,83,0.5783132530120482,False,"['PLATINUM', 'IV', 22]",True,"[8.6, 7.2, 13.0]","[0.0, 0.0, 0.0]",0.5,0,True,Viego,498,919,0.5027203482045702,False,"['SILVER', 'I', 3]",False,"[2.8, 8.4, 2.6]","[0.0, 0.0, 0.0]",0.5,0,True,Vex,351,279,0.4838709677419355,False,"['GOLD', 'I', 1]",True,"[5.0, 2.0, 6.4]","[5.0, 2.0, 6.4]",1.0,5,False,Lucian,326,363,0.5509641873278237,False,"['PLATINUM', 'II', 10]",True,"[10.2, 4.4, 8.6]","[0.0, 0.0, 0.0]",0.5,0,False,Heimerdinger,299,355,0.48732394366197185,False,"['PLATINUM', 'III', 12]",False,"[4.2, 7.8, 16.4]","[0.0, 0.0, 0.0]",0.5,0,True
EUW1_6131860601,False,Shen,66,114,0.5964912280701754,False,"['PLATINUM', 'III', 0]",False,"[6.4, 3.6, 11.4]","[6.4, 3.6, 11.4]",0.6,5,False,Volibear,315,240,0.5166666666666667,False,"['PLATINUM', 'IV', 0]",False,"[7.0, 5.6, 5.2]","[0.0, 0.0, 0.0]",0.5,0,False,Yasuo,60,302,0.4966887417218543,False,"['PLATINUM', 'IV', 75]",False,"[8.2, 8.0, 3.0]","[9.5, 8.75, 3.5]",0.25,4,False,Xayah,473,751,0.4993342210386152,True,"['PLATINUM', 'III', 57]",False,"[2.6, 4.8, 4.8]","[3.0, 4.0, 5.333333333333333]",0.0,3,False,Lulu,887,863,0.48088064889918886,False,"['PLATINUM', 'IV', 20]",False,"[0.6, 6.0, 12.4]","[0.0, 7.0, 8.0]",0.0,1,False,Darius,687,777,0.4967824967824968,False,"['PLATINUM', 'IV', 30]",False,"[4.2, 3.6, 5.6]","[0.0, 0.0, 0.0]",0.5,0,False,Diana,388,75,0.49333333333333335,False,"['PLATINUM', 'I', 44]",False,"[5.2, 7.2, 9.2]","[0.0, 0.0, 0.0]",0.5,0,False,Irelia,38,38,0.7368421052631579,False,"['PLATINUM', 'IV', 1]",True,"[9.2, 5.8, 6.2]","[6.5, 5.5, 3.5]",0.5,2,False,Kaisa,74,180,0.5277777777777778,False,"['PLATINUM', 'III', 23]",False,"[7.8, 7.0, 6.0]","[9.333333333333334, 4.666666666666667, 7.0]",0.3333333333333333,3,False,Karma,468,1484,0.5107816711590296,False,"['PLATINUM', 'IV', 0]",False,"[6.8, 8.2, 6.2]","[0.0, 0.0, 0.0]",0.5,0,True
EUW1_6141730084,True,Teemo,351,566,0.5159010600706714,False,"['PLATINUM', 'III', 75]",False,"[6.0, 9.4, 8.8]","[5.666666666666667, 10.333333333333334, 8.0]",0.0,3,False,Vi,55,239,0.497907949790795,False,"['PLATINUM', 'III', 84]",False,"[7.4, 5.8, 6.4]","[0.0, 0.0, 0.0]",0.5,0,False,Vex,355,26,0.5,False,"['GOLD', 'II', 72]",False,"[7.8, 4.6, 7.4]","[0.0, 0.0, 0.0]",0.5,0,True,Kaisa,393,390,0.5333333333333333,False,"['PLATINUM', 'II', 55]",True,"[7.4, 6.4, 7.6]","[7.0, 4.0, 9.0]",1.0,1,True,Amumu,61,356,0.5421348314606742,False,"['PLATINUM', 'III', 72]",False,"[4.4, 6.0, 15.2]","[0.0, 0.0, 0.0]",0.5,0,False,Zilean,423,557,0.5044883303411131,False,"['PLATINUM', 'III', 75]",False,"[1.8, 3.2, 10.4]","[1.25, 2.25, 11.25]",0.75,4,False,Kindred,410,257,0.5214007782101168,False,"['PLATINUM', 'II', 60]",True,"[8.0, 3.6, 11.8]","[9.0, 5.0, 5.0]",0.0,1,False,Ryze,252,308,0.5064935064935064,False,"['PLATINUM', 'III', 78]",False,"[9.4, 5.4, 10.2]","[0.0, 0.0, 0.0]",0.5,0,False,KogMaw,563,566,0.5424028268551236,False,"['PLATINUM', 'II', 0]",False,"[5.6, 4.8, 4.8]","[2.0, 7.0, 4.0]",0.0,1,False,Nami,624,996,0.5170682730923695,False,"['PLATINUM', 'II', 4]",False,"[2.4, 7.4, 19.0]","[2.75, 6.25, 18.75]",0.5,4,False
EUW1_6141751159,False,Sion,891,981,0.4954128440366973,False,"['PLATINUM', 'IV', 75]",False,"[9.8, 7.4, 5.8]","[0.0, 0.0, 0.0]",0.5,0,True,Kindred,395,254,0.5433070866141733,False,"['PLATINUM', 'IV', 0]",False,"[4.4, 8.4, 6.4]","[4.333333333333333, 7.333333333333333, 6.333333333333333]",0.3333333333333333,3,False,Syndra,542,508,0.5275590551181102,False,"['PLATINUM', 'III', 56]",False,"[7.4, 5.4, 9.2]","[0.0, 0.0, 0.0]",0.5,0,True,Xayah,313,113,0.5132743362831859,False,"['GOLD', 'IV', 40]",False,"[3.8, 5.6, 6.2]","[0.0, 0.0, 0.0]",0.5,0,True,Thresh,360,209,0.4784688995215311,False,"['GOLD', 'II', 75]",False,"[5.6, 3.0, 9.4]","[0.0, 0.0, 0.0]",0.5,0,True,Mordekaiser,411,24,0.625,False,"['BRONZE', 'I', 40]",False,"[5.0, 7.4, 6.8]","[5.0, 4.0, 6.0]",1.0,1,True,Nocturne,777,277,0.51985559566787,False,"['GOLD', 'IV', 1]",False,"[5.2, 6.4, 8.2]","[6.25, 4.75, 7.5]",0.75,4,False,Ahri,145,207,0.5555555555555556,False,"['GOLD', 'II', 54]",True,"[7.2, 4.4, 5.8]","[9.666666666666666, 4.333333333333333, 7.0]",1.0,3,False,Yasuo,381,293,0.5119453924914675,False,"['PLATINUM', 'III', 36]",False,"[6.6, 4.0, 6.4]","[7.0, 3.0, 4.333333333333333]",0.6666666666666666,3,True,Senna,194,313,0.5207667731629393,False,"['PLATINUM', 'IV', 82]",False,"[7.0, 4.8, 6.6]","[5.0, 0.0, 9.0]",1.0,1,True
EUW1_6141700765,False,Nasus,360,632,0.49841772151898733,False,"['PLATINUM', 'IV', 12]",False,"[4.0, 8.2, 4.6]","[0.0, 0.0, 0.0]",0.5,0,False,Sion,269,1254,0.48564593301435405,False,"['GOLD', 'I', 52]",False,"[2.6, 5.8, 8.8]","[0.0, 0.0, 0.0]",0.5,0,True,Sylas,773,974,0.5123203285420944,False,"['GOLD', 'I', 81]",False,"[7.2, 4.2, 4.6]","[0.0, 0.0, 0.0]",0.5,0,False,Varus,177,783,0.5159642401021711,False,"['PLATINUM', 'III', 4]",False,"[6.2, 8.0, 4.8]","[0.0, 0.0, 0.0]",0.5,0,False,Lux,273,977,0.5117707267144319,False,"['GOLD', 'I', 4]",False,"[7.2, 7.4, 11.8]","[7.2, 7.4, 11.8]",0.4,5,False,Illaoi,346,315,0.5238095238095238,False,"['PLATINUM', 'II', 71]",False,"[7.6, 4.8, 1.2]","[7.6, 4.8, 1.2]",0.6,5,False,Shaco,42,87,0.5057471264367817,False,"['GOLD', 'I', 27]",False,"[6.6, 4.6, 4.6]","[11.0, 10.0, 9.0]",0.0,1,True,Ekko,47,205,0.5170731707317073,False,"['GOLD', 'III', 47]",False,"[4.6, 4.4, 4.6]","[4.0, 3.5, 2.5]",0.5,2,True,Lucian,75,60,0.55,False,"['GOLD', 'II', 68]",True,"[7.2, 8.6, 11.0]","[0.0, 0.0, 0.0]",0.5,0,False,Nami,395,170,0.5294117647058824,False,"['PLATINUM', 'IV', 53]",False,"[1.6, 7.0, 16.6]","[0.0, 0.0, 0.0]",0.5,0,False
EUW1_6129069138,False,Gangplank,267,403,0.5086848635235732,False,"['PLATINUM', 'III', 0]",False,"[4.2, 5.8, 8.0]","[0.0, 0.0, 0.0]",0.5,0,True,Viego,160,275,0.5927272727272728,False,"['PLATINUM', 'III', 9]",False,"[10.4, 4.0, 11.4]","[0.0, 0.0, 0.0]",0.5,0,False,TwistedFate,93,266,0.5300751879699248,False,"['PLATINUM', 'IV', 40]",False,"[5.6, 4.2, 3.8]","[5.6, 4.2, 3.8]",0.2,5,False,Xayah,297,7,0.7142857142857143,False,"['GOLD', 'IV', 71]",False,"[8.2, 11.0, 11.6]","[0.0, 0.0, 0.0]",0.5,0,True,Rakan,318,546,0.5164835164835165,True,"['PLATINUM', 'IV', 52]",False,"[9.0, 7.4, 4.6]","[0.0, 0.0, 0.0]",0.5,0,True,Akali,640,945,0.5026455026455027,False,"['PLATINUM', 'II', 0]",False,"[8.2, 10.6, 5.8]","[10.5, 6.0, 4.0]",0.5,2,True,Rengar,493,984,0.5132113821138211,True,"['PLATINUM', 'II', 77]",False,"[6.0, 5.2, 9.2]","[0.0, 0.0, 0.0]",0.5,0,False,Syndra,709,211,0.5545023696682464,False,"['PLATINUM', 'III', 49]",False,"[7.4, 5.6, 10.4]","[7.0, 4.0, 5.0]",1.0,1,False,Aphelios,349,108,0.4537037037037037,False,"['PLATINUM', 'IV', 41]",False,"[3.0, 6.2, 8.2]","[5.5, 6.5, 8.0]",0.5,2,True,Renata,55,317,0.49842271293375395,False,"['PLATINUM', 'IV', 28]",False,"[6.0, 5.2, 12.0]","[0.0, 0.0, 0.0]",0.5,0,True
EUW1_6136893215,True,Fiora,730,382,0.4712041884816754,True,"['PLATINUM', 'IV', 29]",False,"[4.4, 5.8, 4.8]","[0.0, 0.0, 0.0]",0.5,0,False,Blitzcrank,223,414,0.5120772946859904,False,"['GOLD', 'I', 74]",True,"[7.0, 5.8, 11.0]","[5.5, 5.5, 12.25]",0.5,4,False,Zilean,349,278,0.5611510791366906,False,"['GOLD', 'I', 8]",False,"[3.4, 7.4, 6.0]","[0.0, 0.0, 0.0]",0.5,0,True,Ezreal,467,343,0.5131195335276968,False,"['GOLD', 'III', 75]",False,"[7.2, 3.8, 5.2]","[0.0, 0.0, 0.0]",0.5,0,True,Bard,580,527,0.5047438330170778,False,"['PLATINUM', 'IV', 39]",False,"[2.6, 5.8, 11.6]","[3.0, 6.0, 17.0]",0.6666666666666666,3,False,Sion,447,196,0.5459183673469388,False,"['PLATINUM', 'III', 0]",False,"[11.6, 7.6, 8.6]","[0.0, 0.0, 0.0]",0.5,0,False,Sejuani,286,131,0.5419847328244275,False,"['PLATINUM', 'III', 91]",False,"[7.4, 4.8, 8.4]","[0.0, 0.0, 0.0]",0.5,0,True,Lissandra,326,709,0.5105782792665726,False,"['PLATINUM', 'IV', 0]",False,"[5.6, 6.8, 6.4]","[2.0, 4.0, 12.0]",1.0,1,False,Caitlyn,410,580,0.49310344827586206,False,"['GOLD', 'IV', 27]",False,"[4.8, 6.0, 10.6]","[0.0, 0.0, 0.0]",0.5,0,True,Yuumi,150,327,0.5382262996941896,False,"['GOLD', 'IV', 97]",False,"[3.6, 3.4, 9.8]","[0.0, 0.0, 0.0]",0.5,0,True
EUW1_5720391839,False,Pantheon,726,2118,0.5051935788479698,True,"['PLATINUM', 'III', 24]",False,"[5.8, 4.0, 4.4]","[0.0, 0.0, 0.0]",0.5,0,True,Zac,272,339,0.48672566371681414,True,"['PLATINUM', 'IV', 0]",False,"[5.2, 7.6, 5.4]","[0.0, 0.0, 0.0]",0.5,0,True,Leblanc,434,411,0.48418491484184917,False,"['GOLD', 'I', 27]",False,"[3.6, 5.4, 15.4]","[3.0, 4.0, 4.0]",0.0,1,False,Caitlyn,278,166,0.4578313253012048,False,"['GOLD', 'II', 21]",False,"[3.8, 5.2, 4.4]","[0.0, 0.0, 0.0]",0.5,0,False,Karma,69,84,0.5119047619047619,False,"['PLATINUM', 'III', 18]",False,"[2.0, 4.0, 18.4]","[3.0, 2.5, 17.5]",1.0,2,False,Malphite,82,136,0.4852941176470588,False,"['PLATINUM', 'IV', 17]",False,"[3.2, 6.8, 3.8]","[0.0, 0.0, 0.0]",0.5,0,True,Hecarim,62,141,0.49645390070921985,False,"['GOLD', 'II', 6]",False,"[6.6, 6.0, 5.8]","[0.0, 0.0, 0.0]",0.5,0,False,Viktor,81,235,0.5106382978723404,False,"['PLATINUM', 'III', 75]",False,"[7.6, 7.0, 11.4]","[0.0, 0.0, 0.0]",0.5,0,False,Jinx,264,17,0.5294117647058824,False,"['GOLD', 'I', 89]",False,"[8.4, 8.6, 12.0]","[0.0, 0.0, 0.0]",0.5,0,False,Lulu,332,345,0.46956521739130436,False,"['GOLD', 'III', 39]",False,"[3.0, 6.6, 12.8]","[0.0, 0.0, 0.0]",0.5,0,True
EUW1_6081017568,False,Teemo,79,111,0.45045045045045046,False,"['PLATINUM', 'III', 61]",False,"[6.2, 6.8, 5.2]","[6.2, 6.8, 5.2]",0.2,5,False,Vi,229,1048,0.49809160305343514,False,"['PLATINUM', 'I', 61]",False,"[5.4, 4.8, 11.8]","[0.0, 0.0, 0.0]",0.5,0,False,Malphite,67,39,0.5128205128205128,False,"['PLATINUM', 'III', 72]",False,"[10.0, 6.6, 8.8]","[0.0, 0.0, 0.0]",0.5,0,False,Caitlyn,258,1147,0.5039232781168265,False,"['PLATINUM', 'II', 44]",False,"[5.6, 5.4, 3.8]","[0.0, 0.0, 0.0]",0.5,0,True,Xerath,324,1599,0.49468417761100686,False,"['DIAMOND', 'IV', 32]",False,"[6.4, 4.4, 7.4]","[1.0, 4.0, 13.0]",0.0,1,True,Aatrox,103,417,0.4748201438848921,False,"['PLATINUM', 'I', 19]",False,"[6.8, 7.6, 4.6]","[10.0, 10.0, 4.0]",0.0,1,False,FiddleSticks,558,1540,0.5025974025974026,False,"['DIAMOND', 'III', 0]",False,"[5.0, 6.8, 6.4]","[0.0, 0.0, 0.0]",0.5,0,False,Vladimir,368,525,0.5047619047619047,False,"['DIAMOND', 'III', 80]",True,"[10.2, 2.2, 8.6]","[0.0, 0.0, 0.0]",0.5,0,False,MissFortune,345,46,0.5652173913043478,False,"['PLATINUM', 'II', 1]",False,"[7.8, 7.0, 5.6]","[0.0, 0.0, 0.0]",0.5,0,False,Pantheon,134,529,0.5198487712665406,False,"['PLATINUM', 'I', 84]",True,"[4.6, 2.6, 7.2]","[3.0, 6.0, 3.0]",0.0,1,True
EUW1_6141772612,False,Sett,391,712,0.49859550561797755,True,"['PLATINUM', 'IV', 11]",False,"[3.8, 6.2, 8.0]","[3.5, 5.0, 0.5]",0.0,2,False,Rumble,249,11,0.5454545454545454,False,"['SILVER', 'I', 61]",False,"[7.2, 4.0, 6.8]","[0.0, 0.0, 0.0]",0.5,0,False,Viktor,434,332,0.5120481927710844,False,"['PLATINUM', 'IV', 14]",False,"[7.6, 8.4, 6.6]","[0.0, 0.0, 0.0]",0.5,0,True,Vayne,447,227,0.5638766519823789,False,"['PLATINUM', 'IV', 13]",False,"[6.8, 5.0, 8.2]","[6.0, 5.0, 7.0]",0.0,1,False,Soraka,256,153,0.5228758169934641,False,"['PLATINUM', 'IV', 19]",True,"[3.6, 3.2, 11.2]","[0.0, 0.0, 0.0]",0.5,0,False,Teemo,558,150,0.46,False,"['GOLD', 'III', 34]",False,"[6.4, 4.4, 5.4]","[3.0, 5.0, 0.0]",0.0,1,True,LeeSin,379,96,0.4895833333333333,False,"['PLATINUM', 'I', 64]",False,"[9.4, 2.6, 7.4]","[7.5, 1.0, 11.0]",0.5,2,False,Zed,326,290,0.503448275862069,False,"['DIAMOND', 'II', 75]",False,"[8.4, 5.4, 3.4]","[12.0, 4.0, 7.0]",1.0,1,False,Seraphine,391,94,0.6595744680851063,False,"['MASTER', 'I', 0]",False,"[3.2, 6.6, 9.6]","[0.0, 2.0, 1.0]",0.0,1,True,Senna,149,51,0.5882352941176471,False,"['PLATINUM', 'III', 55]",False,"[6.0, 5.6, 6.2]","[2.5, 6.0, 6.0]",0.5,2,True
EUW1_6140656983,False,Nasus,259,251,0.5179282868525896,False,"['PLATINUM', 'IV', 1]",False,"[10.8, 6.8, 7.8]","[0.0, 0.0, 0.0]",0.0,1,True,Viego,616,301,0.4883720930232558,False,"['PLATINUM', 'IV', 1]",False,"[6.0, 8.2, 7.6]","[0.0, 0.0, 0.0]",0.5,0,True,Azir,170,416,0.5360576923076923,False,"['GOLD', 'II', 29]",False,"[5.6, 3.0, 4.0]","[0.0, 0.0, 0.0]",0.5,0,True,Ashe,58,155,0.4645161290322581,False,"['SILVER', 'III', 25]",False,"[7.2, 5.2, 11.6]","[0.0, 0.0, 0.0]",0.0,1,False,Maokai,249,179,0.5418994413407822,False,"['GOLD', 'IV', 43]",False,"[1.8, 4.2, 9.0]","[0.0, 0.0, 0.0]",0.5,0,False,Gangplank,167,57,0.5614035087719298,False,"['GOLD', 'IV', 14]",False,"[6.4, 7.2, 3.6]","[6.0, 7.666666666666667, 5.0]",0.3333333333333333,3,True,Lillia,184,17,0.35294117647058826,False,"['SILVER', 'IV', 0]",False,"[7.8, 4.2, 6.0]","[8.5, 3.5, 8.5]",0.5,2,False,Katarina,264,47,0.5957446808510638,False,"['PLATINUM', 'III', 54]",False,"[6.6, 6.2, 8.0]","[9.5, 7.5, 4.5]",0.5,2,False,Caitlyn,201,189,0.5238095238095238,False,"['SILVER', 'I', 100]",True,"[13.0, 5.4, 6.4]","[14.5, 4.5, 5.5]",1.0,2,False,Nami,231,127,0.4015748031496063,False,"['SILVER', 'I', 2]",False,"[1.0, 4.8, 13.6]","[1.25, 5.5, 12.5]",0.25,4,False
EUW1_6019969955,False,Aatrox,104,400,0.535,False,"['PLATINUM', 'III', 44]",True,"[5.4, 7.6, 4.2]","[0.0, 0.0, 0.0]",0.5,0,False,Warwick,70,175,0.5257142857142857,False,"['PLATINUM', 'III', 50]",False,"[7.2, 5.4, 5.6]","[7.2, 5.4, 5.6]",0.6,5,False,Sylas,44,102,0.6176470588235294,False,"['PLATINUM', 'IV', 30]",False,"[10.8, 4.0, 5.0]","[0.0, 0.0, 0.0]",0.5,0,True,Draven,104,191,0.4973821989528796,False,"['PLATINUM', 'III', 2]",False,"[12.4, 7.4, 6.8]","[19.5, 11.5, 10.5]",0.5,2,False,Bard,145,67,0.3880597014925373,False,"['GOLD', 'I', 0]",False,"[5.4, 4.0, 3.4]","[0.0, 0.0, 0.0]",0.5,0,True,Mordekaiser,482,479,0.5407098121085595,False,"['PLATINUM', 'II', 0]",False,"[3.4, 6.4, 11.0]","[0.0, 0.0, 0.0]",0.5,0,True,MonkeyKing,67,240,0.5458333333333333,False,"['PLATINUM', 'II', 17]",False,"[5.4, 3.8, 8.8]","[0.0, 0.0, 0.0]",0.5,0,False,Yasuo,185,1719,0.5148342059336823,False,"['DIAMOND', 'II', 39]",False,"[9.0, 10.0, 6.6]","[12.0, 6.0, 5.0]",1.0,1,False,Nilah,47,168,0.5238095238095238,False,"['PLATINUM', 'III', 61]",False,"[3.8, 7.8, 6.0]","[0.0, 0.0, 0.0]",0.5,0,True,Karma,569,387,0.5322997416020672,False,"['PLATINUM', 'III', 30]",False,"[6.0, 4.6, 5.8]","[0.0, 0.0, 0.0]",0.5,0,True
EUW1_6139866977,True,Nasus,289,1371,0.5010940919037199,True,"['PLATINUM', 'IV', 74]",False,"[3.0, 5.8, 5.4]","[3.5, 5.25, 6.25]",0.75,4,False,Evelynn,769,1099,0.49954504094631486,False,"['PLATINUM', 'IV', 54]",False,"[10.0, 5.6, 8.6]","[22.0, 6.0, 8.0]",1.0,1,False,Yasuo,358,531,0.5235404896421846,False,"['PLATINUM', 'III', 3]",False,"[9.4, 6.6, 4.2]","[24.0, 6.0, 14.0]",1.0,1,False,Vayne,493,103,0.5242718446601942,False,"['PLATINUM', 'III', 47]",False,"[8.6, 3.8, 10.8]","[0.0, 0.0, 0.0]",0.5,0,False,Bard,319,129,0.4883720930232558,False,"['PLATINUM', 'IV', 81]",False,"[5.4, 3.8, 18.0]","[0.0, 0.0, 0.0]",0.5,0,False,Sion,398,404,0.49257425742574257,False,"['PLATINUM', 'IV', 41]",False,"[9.0, 8.4, 8.6]","[7.333333333333333, 7.666666666666667, 8.333333333333334]",0.6666666666666666,3,False,Viego,473,161,0.5279503105590062,False,"['PLATINUM', 'III', 7]",False,"[7.2, 9.4, 9.0]","[0.0, 0.0, 0.0]",0.5,0,True,Syndra,551,401,0.513715710723192,False,"['PLATINUM', 'III', 38]",False,"[7.4, 7.0, 8.4]","[6.25, 6.75, 7.75]",0.75,4,False,Varus,181,182,0.510989010989011,False,"['PLATINUM', 'IV', 47]",False,"[6.4, 8.0, 4.8]","[0.0, 0.0, 0.0]",0.5,0,True,Nami,117,463,0.5226781857451404,False,"['PLATINUM', 'IV', 47]",False,"[10.2, 7.8, 8.0]","[0.0, 0.0, 0.0]",0.5,0,True
EUW1_6135209498,True,Quinn,449,354,0.4887005649717514,False,"['PLATINUM', 'II', 28]",False,"[4.0, 4.6, 5.6]","[4.0, 4.6, 5.6]",0.6,5,False,Zac,320,232,0.47413793103448276,False,"['PLATINUM', 'I', 0]",False,"[7.8, 5.6, 11.4]","[6.666666666666667, 6.0, 11.666666666666666]",0.3333333333333333,3,False,Akali,102,536,0.5223880597014925,False,"['PLATINUM', 'II', 54]",False,"[4.0, 5.2, 4.2]","[4.0, 7.0, 6.0]",1.0,1,False,Lucian,123,141,0.5957446808510638,False,"['PLATINUM', 'II', 58]",False,"[5.6, 4.8, 4.4]","[0.0, 0.0, 0.0]",0.5,0,False,Nami,394,94,0.4574468085106383,False,"['PLATINUM', 'IV', 28]",False,"[7.2, 5.8, 6.0]","[0.0, 0.0, 0.0]",0.5,0,True,Nasus,448,769,0.5136540962288687,True,"['PLATINUM', 'III', 24]",False,"[5.2, 8.0, 3.2]","[0.0, 0.0, 0.0]",0.5,0,False,Hecarim,106,605,0.5107438016528926,False,"['PLATINUM', 'II', 15]",False,"[6.0, 7.2, 6.8]","[0.0, 0.0, 0.0]",0.5,0,True,Sylas,718,97,0.6082474226804123,False,"['PLATINUM', 'III', 67]",False,"[10.2, 5.4, 5.2]","[19.0, 7.0, 4.0]",1.0,1,False,Varus,161,408,0.49754901960784315,False,"['PLATINUM', 'II', 56]",False,"[12.0, 8.6, 2.6]","[12.0, 8.6, 2.6]",0.4,5,False,Amumu,339,901,0.5038845726970034,False,"['PLATINUM', 'II', 0]",False,"[2.4, 8.0, 11.6]","[2.5, 7.5, 11.0]",0.25,4,False
EUW1_6140296485,False,Tryndamere,384,450,0.52,False,"['PLATINUM', 'III', 53]",False,"[5.2, 7.4, 6.6]","[5.75, 7.0, 4.5]",0.75,4,False,Hecarim,223,675,0.5066666666666667,False,"['PLATINUM', 'IV', 96]",True,"[11.2, 8.2, 11.4]","[12.5, 7.5, 11.75]",0.5,4,False,Ekko,498,601,0.5108153078202995,False,"['PLATINUM', 'IV', 14]",False,"[5.0, 9.4, 8.0]","[3.0, 5.0, 2.0]",0.0,1,False,MissFortune,69,362,0.5165745856353591,False,"['PLATINUM', 'IV', 59]",False,"[10.8, 11.8, 9.4]","[10.8, 11.8, 9.4]",0.4,5,False,Nami,56,280,0.48928571428571427,False,"['PLATINUM', 'IV', 8]",False,"[1.4, 4.8, 20.2]","[0.0, 0.0, 0.0]",0.5,0,False,Darius,44,191,0.49214659685863876,False,"['PLATINUM', 'IV', 89]",False,"[6.6, 5.0, 6.4]","[9.0, 3.0, 8.5]",1.0,2,False,Diana,471,712,0.523876404494382,False,"['PLATINUM', 'III', 28]",False,"[8.0, 6.0, 4.8]","[1.0, 6.0, 4.0]",0.0,1,False,Rumble,464,449,0.5233853006681515,False,"['PLATINUM', 'III', 67]",True,"[9.4, 7.0, 7.2]","[0.0, 0.0, 0.0]",0.5,0,False,KogMaw,441,216,0.5,False,"['PLATINUM', 'IV', 51]",False,"[6.2, 7.2, 6.8]","[8.5, 4.5, 4.0]",1.0,2,False,Bard,699,897,0.4983277591973244,False,"['PLATINUM', 'IV', 45]",False,"[6.0, 9.4, 6.4]","[0.0, 0.0, 0.0]",0.5,0,True
EUW1_6141220853,True,Garen,59,172,0.5697674418604651,False,"['PLATINUM', 'I', 43]",True,"[9.0, 6.4, 9.6]","[0.0, 0.0, 0.0]",0.5,0,True,Evelynn,394,231,0.5627705627705628,False,"['PLATINUM', 'IV', 31]",True,"[12.4, 1.6, 6.4]","[12.4, 1.6, 6.4]",0.8,5,False,Morgana,69,424,0.5165094339622641,False,"['PLATINUM', 'II', 58]",False,"[2.6, 7.8, 13.0]","[4.0, 10.0, 10.0]",0.0,1,True,Ashe,420,339,0.5132743362831859,False,"['PLATINUM', 'II', 15]",False,"[6.0, 4.6, 6.4]","[5.0, 2.0, 4.0]",1.0,1,False,Nautilus,267,396,0.5429292929292929,False,"['PLATINUM', 'I', 97]",True,"[2.8, 4.8, 11.0]","[0.0, 0.0, 0.0]",0.5,0,True,Quinn,144,113,0.5221238938053098,False,"['PLATINUM', 'III', 20]",False,"[7.6, 7.4, 4.0]","[7.6, 7.4, 4.0]",0.2,5,False,Viego,67,238,0.5126050420168067,False,"['PLATINUM', 'I', 36]",True,"[4.6, 6.6, 9.0]","[0.0, 0.0, 0.0]",0.5,0,False,TwistedFate,50,133,0.5263157894736842,False,"['PLATINUM', 'III', 0]",False,"[4.2, 6.2, 4.2]","[0.0, 0.0, 0.0]",0.5,0,False,Samira,524,1203,0.513715710723192,False,"['DIAMOND', 'IV', 1]",False,"[6.0, 5.8, 5.4]","[7.0, 3.5, 3.5]",0.5,2,True,Karma,418,304,0.4967105263157895,False,"['PLATINUM', 'II', 71]",False,"[1.4, 9.2, 14.8]","[0.0, 9.0, 5.0]",0.0,1,False
EUW1_6141565297,False,Darius,331,610,0.5360655737704918,False,"['PLATINUM', 'III', 75]",False,"[5.4, 4.4, 2.6]","[5.5, 5.0, 3.5]",0.5,2,False,Sejuani,51,203,0.5320197044334976,False,"['PLATINUM', 'IV', 45]",False,"[3.6, 8.8, 6.8]","[0.0, 0.0, 0.0]",0.5,0,True,Zed,71,86,0.5697674418604651,False,"['PLATINUM', 'III', 33]",False,"[5.0, 5.2, 8.0]","[0.0, 0.0, 0.0]",0.5,0,True,Caitlyn,364,350,0.5285714285714286,False,"['PLATINUM', 'II', 69]",True,"[6.4, 1.8, 9.0]","[3.0, 3.0, 8.0]",1.0,1,False,Brand,598,413,0.5012106537530266,False,"['PLATINUM', 'II', 0]",False,"[2.0, 6.8, 8.2]","[0.0, 0.0, 0.0]",0.5,0,False,Kennen,802,810,0.5074074074074074,False,"['PLATINUM', 'I', 23]",True,"[3.6, 4.4, 7.0]","[0.0, 0.0, 0.0]",0.5,0,True,Viego,424,352,0.5113636363636364,False,"['PLATINUM', 'II', 44]",False,"[4.6, 9.8, 4.4]","[12.0, 9.0, 1.0]",0.0,1,False,Irelia,460,164,0.5182926829268293,False,"['PLATINUM', 'III', 92]",False,"[3.4, 5.0, 5.0]","[0.0, 0.0, 0.0]",0.5,0,False,Tristana,51,252,0.5357142857142857,False,"['PLATINUM', 'IV', 48]",False,"[4.4, 5.4, 5.6]","[2.5, 4.0, 4.0]",0.5,2,False,Braum,479,351,0.4928774928774929,False,"['PLATINUM', 'I', 15]",False,"[2.4, 6.2, 7.6]","[0.0, 0.0, 0.0]",0.5,0,False
EUW1_6140541086,False,Zac,374,239,0.45188284518828453,False,"['GOLD', 'IV', 66]",False,"[2.4, 6.4, 3.2]","[0.0, 0.0, 0.0]",0.5,0,False,Mordekaiser,398,244,0.5204918032786885,False,"['PLATINUM', 'III', 92]",False,"[8.2, 3.6, 6.6]","[0.0, 0.0, 0.0]",0.5,0,False,Swain,280,616,0.5032467532467533,False,"['PLATINUM', 'IV', 0]",False,"[4.4, 4.6, 4.0]","[0.0, 0.0, 0.0]",0.5,0,False,Varus,230,319,0.49216300940438873,False,"['DIAMOND', 'I', 3]",False,"[2.2, 4.8, 12.8]","[0.0, 0.0, 0.0]",0.5,0,True,Soraka,606,1146,0.49825479930191974,False,"['PLATINUM', 'IV', 0]",False,"[2.0, 5.6, 15.0]","[0.0, 2.0, 13.0]",1.0,1,False,Kayle,400,504,0.498015873015873,False,"['DIAMOND', 'IV', 0]",False,"[4.2, 5.4, 6.0]","[0.0, 0.0, 0.0]",0.5,0,False,Hecarim,118,150,0.5933333333333334,False,"['GOLD', 'III', 74]",True,"[11.6, 9.4, 11.2]","[13.666666666666666, 9.333333333333334, 11.666666666666666]",0.3333333333333333,3,False,Syndra,234,100,0.53,False,"['GOLD', 'II', 74]",False,"[10.0, 4.6, 7.0]","[10.0, 4.6, 7.0]",0.8,5,False,Lucian,302,259,0.525096525096525,False,"['GOLD', 'II', 0]",False,"[5.2, 5.4, 9.0]","[7.0, 6.0, 8.666666666666666]",1.0,3,False,Thresh,201,367,0.5340599455040872,False,"['PLATINUM', 'IV', 15]",False,"[2.0, 2.4, 16.0]","[2.0, 1.0, 24.0]",1.0,1,False
EUW1_6141455822,False,Sett,86,487,0.5092402464065708,False,"['GOLD', 'IV', 62]",False,"[3.4, 7.4, 3.2]","[1.0, 9.0, 1.0]",1.0,1,False,Nocturne,630,738,0.4959349593495935,False,"['GOLD', 'I', 0]",False,"[6.4, 5.6, 6.4]","[0.0, 0.0, 0.0]",0.5,0,True,Annie,285,301,0.5481727574750831,False,"['PLATINUM', 'III', 65]",False,"[13.0, 7.2, 14.0]","[12.5, 6.5, 14.0]",0.5,4,False,MissFortune,428,90,0.43333333333333335,False,"['GOLD', 'IV', 0]",False,"[8.2, 5.0, 8.0]","[12.666666666666666, 5.666666666666667, 6.666666666666667]",0.6666666666666666,3,False,Heimerdinger,432,59,0.4576271186440678,False,"['PLATINUM', 'IV', 75]",False,"[7.0, 8.8, 11.8]","[0.0, 0.0, 0.0]",0.5,0,True,Vayne,355,626,0.5159744408945687,False,"['PLATINUM', 'IV', 25]",False,"[6.4, 5.2, 6.8]","[4.333333333333333, 3.0, 4.333333333333333]",0.3333333333333333,3,True,FiddleSticks,610,144,0.5347222222222222,False,"['GOLD', 'I', 72]",False,"[9.4, 6.4, 14.6]","[9.666666666666666, 5.333333333333333, 16.333333333333332]",1.0,3,False,Zed,588,51,0.5294117647058824,False,"['GOLD', 'II', 57]",False,"[10.4, 6.6, 8.4]","[14.0, 5.0, 13.0]",1.0,1,False,Caitlyn,208,86,0.5232558139534884,False,"['PLATINUM', 'III', 27]",True,"[8.0, 4.4, 8.6]","[9.75, 4.5, 10.5]",1.0,4,False,Zilean,383,450,0.49777777777777776,True,"['GOLD', 'II', 72]",True,"[3.0, 5.0, 16.6]","[0.0, 0.0, 0.0]",0.5,0,False
EUW1_6109983582,False,Sett,130,535,0.5158878504672897,False,"['PLATINUM', 'III', 0]",False,"[4.2, 4.4, 5.4]","[0.0, 0.0, 0.0]",0.5,0,True,Amumu,174,94,0.5425531914893617,False,"['PLATINUM', 'IV', 0]",False,"[3.0, 6.6, 5.6]","[0.0, 0.0, 0.0]",0.5,0,False,Qiyana,48,218,0.518348623853211,False,"['PLATINUM', 'III', 60]",False,"[7.2, 8.6, 12.4]","[14.0, 6.0, 6.0]",0.0,1,True,Sivir,415,148,0.5608108108108109,False,"['PLATINUM', 'IV', 48]",True,"[7.0, 4.6, 6.6]","[0.0, 0.0, 0.0]",0.5,0,False,Brand,304,210,0.5380952380952381,False,"['PLATINUM', 'IV', 75]",False,"[4.2, 8.8, 20.8]","[0.0, 0.0, 0.0]",0.5,0,False,DrMundo,498,148,0.5540540540540541,False,"['PLATINUM', 'III', 59]",False,"[3.8, 4.8, 6.4]","[0.0, 0.0, 0.0]",0.5,0,False,Shaco,413,518,0.525096525096525,False,"['PLATINUM', 'III', 91]",False,"[6.4, 6.0, 4.2]","[6.75, 4.75, 5.0]",0.5,4,False,Neeko,76,355,0.49577464788732395,True,"['PLATINUM', 'IV', 42]",False,"[8.0, 7.2, 13.4]","[0.0, 0.0, 0.0]",0.5,0,False,Caitlyn,45,60,0.5166666666666667,False,"['GOLD', 'I', 68]",False,"[10.4, 5.4, 8.2]","[16.5, 7.0, 7.0]",0.5,2,False,Zyra,422,449,0.5300668151447662,False,"['PLATINUM', 'III', 20]",False,"[5.0, 6.6, 10.4]","[6.25, 5.75, 10.75]",0.5,4,False
EUW1_6141418153,True,Riven,232,388,0.5231958762886598,False,"['PLATINUM', 'III', 94]",False,"[5.0, 3.8, 6.0]","[5.75, 4.5, 5.5]",0.25,4,False,Kayn,249,648,0.5200617283950617,True,"['PLATINUM', 'III', 49]",False,"[2.8, 12.6, 7.2]","[0.0, 0.0, 0.0]",0.5,0,True,Akali,383,1694,0.4982290436835891,False,"['PLATINUM', 'III', 46]",False,"[12.8, 4.8, 6.6]","[15.0, 6.0, 6.75]",0.5,4,False,Jhin,321,131,0.4732824427480916,False,"['PLATINUM', 'II', 0]",False,"[13.8, 6.0, 8.6]","[9.5, 5.0, 10.5]",0.5,2,False,Lulu,629,35,0.6,False,"['GOLD', 'I', 3]",True,"[0.4, 5.4, 8.6]","[0.4, 5.4, 8.6]",0.2,5,False,Mordekaiser,500,542,0.507380073800738,False,"['PLATINUM', 'III', 45]",False,"[5.6, 4.6, 4.4]","[5.0, 4.5, 5.0]",0.5,2,False,Ekko,417,307,0.46905537459283386,False,"['PLATINUM', 'II', 68]",False,"[7.8, 7.2, 9.2]","[0.0, 0.0, 0.0]",0.5,0,False,Corki,276,12,0.25,False,"['BRONZE', 'IV', 52]",False,"[6.8, 12.6, 8.4]","[9.0, 14.5, 6.0]",0.5,2,False,MissFortune,240,299,0.47491638795986624,False,"['PLATINUM', 'III', 1]",False,"[4.6, 6.2, 9.0]","[3.0, 4.0, 5.0]",0.0,1,True,Nautilus,262,137,0.4306569343065693,False,"['PLATINUM', 'IV', 63]",False,"[3.6, 7.8, 10.6]","[0.0, 0.0, 0.0]",0.5,0,False
EUW1_6054604586,True,Riven,611,974,0.5030800821355236,False,"['PLATINUM', 'IV', 0]",False,"[6.0, 9.4, 6.0]","[0.0, 0.0, 0.0]",0.5,0,True,Belveth,326,443,0.5395033860045146,False,"['DIAMOND', 'IV', 1]",False,"[8.4, 6.2, 10.6]","[7.0, 5.0, 12.5]",0.5,2,False,Zed,304,663,0.5113122171945701,False,"['PLATINUM', 'III', 43]",False,"[5.4, 5.2, 4.8]","[0.0, 0.0, 0.0]",0.5,0,False,MissFortune,51,195,0.5076923076923077,False,"['PLATINUM', 'IV', 0]",False,"[12.8, 7.4, 10.4]","[2.0, 12.0, 2.0]",0.0,1,True,Maokai,276,286,0.5594405594405595,False,"['DIAMOND', 'IV', 0]",False,"[6.2, 7.2, 2.8]","[0.0, 0.0, 0.0]",0.5,0,True,Gangplank,327,259,0.5019305019305019,False,"['PLATINUM', 'II', 13]",False,"[4.8, 2.8, 4.6]","[0.0, 0.0, 0.0]",0.5,0,True,Viego,111,173,0.5317919075144508,False,"['PLATINUM', 'III', 45]",False,"[6.4, 5.0, 6.4]","[0.0, 0.0, 0.0]",0.5,0,False,Varus,110,873,0.5108820160366552,False,"['PLATINUM', 'III', 26]",False,"[2.2, 9.0, 5.0]","[0.0, 0.0, 0.0]",0.5,0,True,Seraphine,236,1460,0.5054794520547945,False,"['DIAMOND', 'IV', 60]",False,"[1.6, 4.6, 3.2]","[0.0, 0.0, 0.0]",0.5,0,True,Janna,231,131,0.5038167938931297,False,"['PLATINUM', 'IV', 21]",False,"[6.0, 6.0, 16.6]","[0.0, 0.0, 0.0]",0.5,0,False
EUW1_6141764373,True,Shen,423,783,0.5108556832694764,False,"['PLATINUM', 'IV', 36]",False,"[3.4, 4.8, 3.0]","[0.0, 0.0, 0.0]",0.5,0,True,LeeSin,573,46,0.5217391304347826,False,"['PLATINUM', 'III', 25]",False,"[4.2, 6.0, 7.4]","[0.0, 0.0, 0.0]",0.5,0,True,Vex,132,6,0.6666666666666666,False,"['GOLD', 'I', 12]",False,"[4.6, 8.0, 2.8]","[14.0, 9.0, 4.0]",0.0,1,True,Kaisa,210,328,0.47865853658536583,False,"['GOLD', 'III', 0]",False,"[8.4, 7.4, 4.8]","[0.0, 0.0, 0.0]",0.5,0,False,Seraphine,812,13,0.38461538461538464,False,"['BRONZE', 'I', 21]",False,"[6.2, 5.8, 2.2]","[0.0, 0.0, 0.0]",0.5,0,True,Garen,212,113,0.5929203539823009,False,"['GOLD', 'II', 58]",False,"[10.8, 4.0, 4.0]","[10.8, 4.0, 4.0]",0.6,5,False,JarvanIV,259,213,0.4788732394366197,False,"['SILVER', 'III', 28]",False,"[6.0, 7.2, 13.2]","[0.0, 0.0, 0.0]",0.5,0,False,Zed,373,14,0.35714285714285715,False,"['SILVER', 'IV', 85]",False,"[7.0, 4.8, 8.8]","[0.0, 0.0, 0.0]",0.5,0,True,Caitlyn,290,155,0.4645161290322581,False,"['PLATINUM', 'IV', 7]",False,"[8.4, 4.6, 6.8]","[0.0, 0.0, 0.0]",0.5,0,False,Heimerdinger,308,474,0.510548523206751,False,"['PLATINUM', 'III', 20]",False,"[4.2, 5.4, 8.4]","[0.0, 0.0, 0.0]",0.5,0,False
EUW1_6125014901,False,Garen,455,1213,0.49958779884583676,True,"['PLATINUM', 'III', 30]",False,"[4.4, 5.8, 7.0]","[0.0, 0.0, 0.0]",0.5,0,True,MasterYi,330,228,0.47368421052631576,False,"['PLATINUM', 'IV', 43]",False,"[4.6, 8.2, 6.0]","[0.0, 0.0, 0.0]",0.5,0,False,Heimerdinger,394,255,0.49411764705882355,False,"['PLATINUM', 'III', 30]",False,"[6.8, 5.6, 8.6]","[6.8, 5.6, 8.6]",0.6,5,False,Sivir,605,533,0.48405253283302063,False,"['PLATINUM', 'IV', 0]",False,"[7.2, 6.8, 6.2]","[0.0, 0.0, 0.0]",0.5,0,True,Ashe,915,1399,0.5067905646890636,False,"['PLATINUM', 'III', 42]",True,"[10.0, 4.6, 13.4]","[0.0, 0.0, 0.0]",0.5,0,True,Singed,301,400,0.5075,False,"['PLATINUM', 'IV', 33]",False,"[7.0, 8.6, 7.0]","[6.5, 6.0, 6.5]",1.0,2,True,Ekko,405,11,0.18181818181818182,False,"['SILVER', 'IV', 20]",False,"[6.4, 6.0, 6.2]","[13.5, 4.5, 9.0]",1.0,2,True,Katarina,95,702,0.5242165242165242,False,"['DIAMOND', 'III', 13]",False,"[11.0, 7.6, 3.6]","[11.75, 7.25, 3.5]",0.75,4,False,Tristana,41,112,0.6071428571428571,False,"['PLATINUM', 'I', 19]",False,"[7.2, 5.8, 5.6]","[0.0, 0.0, 0.0]",0.5,0,False,Sona,51,143,0.4755244755244755,False,"['GOLD', 'I', 0]",False,"[1.4, 7.6, 8.2]","[0.0, 0.0, 0.0]",0.5,0,False
EUW1_6137310777,True,Nasus,231,233,0.5278969957081545,False,"['PLATINUM', 'III', 41]",False,"[6.4, 5.6, 5.0]","[0.0, 0.0, 0.0]",0.5,0,False,Zac,247,478,0.5125523012552301,False,"['PLATINUM', 'III', 17]",False,"[5.8, 6.6, 9.6]","[5.5, 6.5, 12.0]",0.0,4,False,Viktor,77,209,0.5167464114832536,False,"['PLATINUM', 'IV', 49]",False,"[3.4, 5.8, 8.8]","[0.0, 0.0, 0.0]",0.5,0,False,Draven,56,182,0.5,False,"['PLATINUM', 'IV', 90]",True,"[7.8, 7.2, 8.4]","[0.0, 0.0, 0.0]",0.5,0,True,Thresh,62,427,0.5362997658079626,True,"['PLATINUM', 'IV', 75]",False,"[3.0, 6.6, 4.8]","[0.0, 0.0, 0.0]",0.5,0,True,Ornn,294,374,0.5026737967914439,False,"['PLATINUM', 'III', 33]",False,"[4.0, 7.2, 6.0]","[0.0, 0.0, 0.0]",0.5,0,False,Diana,223,315,0.5015873015873016,False,"['PLATINUM', 'III', 80]",False,"[7.2, 6.4, 8.6]","[5.5, 8.5, 9.0]",0.5,2,False,Zed,88,163,0.5644171779141104,False,"['PLATINUM', 'III', 61]",False,"[9.8, 7.4, 5.6]","[12.0, 6.0, 5.0]",1.0,1,False,Jhin,413,1304,0.5199386503067485,False,"['PLATINUM', 'III', 18]",False,"[4.8, 5.8, 5.2]","[0.0, 0.0, 0.0]",0.5,0,False,Renata,158,560,0.5214285714285715,False,"['PLATINUM', 'III', 5]",False,"[3.2, 8.0, 11.8]","[1.5, 5.5, 10.5]",0.5,2,False
EUW1_6110119329,True,Garen,260,26,0.38461538461538464,False,"['GOLD', 'II', 1]",False,"[2.4, 8.0, 12.8]","[0.0, 0.0, 0.0]",0.5,0,True,Elise,485,80,0.65,False,"['MASTER', 'I', 105]",True,"[14.0, 8.4, 10.6]","[16.0, 7.0, 7.0]",0.0,1,False,Ahri,549,204,0.5490196078431373,False,"['DIAMOND', 'IV', 6]",False,"[6.0, 6.8, 6.6]","[0.0, 0.0, 0.0]",0.5,0,True,Ezreal,367,89,0.5842696629213483,False,"['PLATINUM', 'III', 55]",True,"[2.6, 4.2, 2.2]","[4.0, 5.0, 1.0]",0.0,1,False,Blitzcrank,220,487,0.5112936344969199,False,"['PLATINUM', 'IV', 0]",False,"[4.0, 7.0, 11.2]","[0.0, 0.0, 0.0]",0.5,0,False,Maokai,113,1052,0.5,False,"['PLATINUM', 'III', 0]",False,"[2.6, 6.6, 12.2]","[0.0, 0.0, 0.0]",0.5,0,False,Kindred,211,1032,0.5038759689922481,False,"['PLATINUM', 'IV', 57]",True,"[5.4, 4.0, 9.8]","[0.0, 0.0, 0.0]",0.5,0,False,Akali,965,988,0.5111336032388664,False,"['PLATINUM', 'III', 76]",True,"[8.4, 4.4, 6.6]","[0.0, 0.0, 0.0]",0.5,0,False,Tristana,515,537,0.4972067039106145,False,"['PLATINUM', 'IV', 0]",False,"[6.8, 7.6, 8.4]","[0.0, 0.0, 0.0]",0.5,0,True,Nautilus,674,894,0.5145413870246085,False,"['PLATINUM', 'II', 60]",False,"[6.0, 5.8, 12.0]","[0.0, 0.0, 0.0]",0.5,0,False
EUW1_6140970238,False,KSante,551,5,0.6,False,"['BRONZE', 'I', 62]",False,"[4.0, 4.4, 2.8]","[4.0, 6.0, 3.5]",0.5,2,False,MasterYi,482,477,0.5387840670859538,False,"['DIAMOND', 'I', 0]",False,"[4.6, 8.4, 7.0]","[0.0, 0.0, 0.0]",0.5,0,True,Viktor,327,79,0.5443037974683544,False,"['GOLD', 'II', 22]",False,"[3.6, 6.8, 6.2]","[0.0, 0.0, 0.0]",0.5,0,True,MissFortune,432,34,0.6176470588235294,False,"['GOLD', 'III', 93]",False,"[2.6, 12.2, 10.0]","[0.0, 0.0, 0.0]",0.5,0,True,Taric,218,151,0.5562913907284768,False,"['GOLD', 'IV', 0]",False,"[7.2, 6.2, 9.8]","[5.0, 2.0, 15.0]",1.0,1,True,Fiora,475,62,0.5645161290322581,False,"['PLATINUM', 'III', 5]",False,"[7.4, 5.6, 7.2]","[0.0, 0.0, 0.0]",0.5,0,True,Hecarim,716,1383,0.5018076644974693,True,"['PLATINUM', 'IV', 0]",False,"[11.0, 7.2, 12.6]","[14.5, 7.0, 11.5]",0.5,2,False,Veigar,500,456,0.5197368421052632,False,"['DIAMOND', 'IV', 1]",False,"[9.4, 8.6, 9.2]","[0.0, 0.0, 0.0]",0.5,0,True,Ashe,709,98,0.5,False,"['GOLD', 'II', 14]",False,"[7.8, 5.2, 10.0]","[0.0, 0.0, 0.0]",0.5,0,True,Xerath,331,151,0.5099337748344371,False,"['GOLD', 'III', 78]",False,"[2.4, 7.2, 7.0]","[2.0, 7.0, 6.0]",0.0,3,False
EUW1_6138650677,True,Yone,397,27,0.37037037037037035,False,"['SILVER', 'III', 4]",False,"[5.2, 7.0, 4.2]","[0.0, 0.0, 0.0]",0.5,0,False,Nunu,267,277,0.5342960288808665,False,"['SILVER', 'III', 6]",False,"[4.8, 5.0, 7.2]","[0.0, 0.0, 0.0]",0.5,0,True,Irelia,314,251,0.49800796812749004,False,"['GOLD', 'IV', 0]",False,"[9.6, 6.0, 7.6]","[0.0, 0.0, 0.0]",0.5,0,True,Ziggs,103,138,0.5,False,"['SILVER', 'IV', 59]",False,"[7.0, 5.2, 7.0]","[6.0, 5.0, 6.25]",0.5,4,False,Leona,94,405,0.5234567901234568,False,"['GOLD', 'IV', 71]",True,"[0.6, 2.6, 9.8]","[0.6, 2.6, 9.8]",0.8,5,False,Anivia,54,99,0.45454545454545453,False,"['SILVER', 'I', 44]",False,"[5.4, 4.4, 11.0]","[6.5, 4.25, 5.0]",0.5,4,True,Nidalee,495,235,0.5063829787234042,True,"['PLATINUM', 'IV', 14]",False,"[9.8, 8.2, 7.8]","[0.0, 0.0, 0.0]",0.5,0,True,Fiora,233,26,0.6153846153846154,False,"['GOLD', 'IV', 69]",False,"[4.6, 5.6, 13.6]","[8.0, 2.0, 7.0]",1.0,1,True,MasterYi,441,327,0.5107033639143731,False,"['PLATINUM', 'II', 15]",False,"[5.2, 11.4, 4.8]","[0.0, 0.0, 0.0]",0.5,0,True,Yuumi,218,156,0.48717948717948717,False,"['BRONZE', 'II', 19]",True,"[4.0, 3.6, 7.4]","[0.0, 0.0, 0.0]",0.5,0,True
EUW1_6141603132,False,Riven,691,522,0.4827586206896552,False,"['PLATINUM', 'III', 45]",False,"[5.2, 6.8, 8.8]","[0.0, 0.0, 0.0]",0.5,0,True,Nunu,507,2712,0.49926253687315636,False,"['PLATINUM', 'III', 30]",True,"[7.2, 3.8, 7.0]","[0.0, 0.0, 0.0]",0.5,0,False,Viktor,194,747,0.500669344042838,False,"['PLATINUM', 'III', 15]",False,"[5.8, 3.8, 8.2]","[6.0, 4.25, 6.0]",0.5,4,False,Caitlyn,573,111,0.5315315315315315,False,"['PLATINUM', 'IV', 57]",False,"[8.0, 5.8, 7.8]","[0.0, 0.0, 0.0]",0.5,0,True,Senna,63,100,0.47,False,"['PLATINUM', 'IV', 45]",False,"[3.8, 2.6, 9.0]","[3.8, 2.6, 9.0]",0.2,5,False,Shen,371,809,0.5216316440049443,False,"['PLATINUM', 'III', 30]",False,"[6.0, 5.6, 9.2]","[0.0, 0.0, 0.0]",0.5,0,True,Kayn,168,19,0.47368421052631576,False,"['SILVER', 'III', 37]",False,"[8.6, 9.2, 4.2]","[16.0, 11.0, 11.0]",1.0,1,True,Fizz,703,1049,0.4966634890371783,False,"['PLATINUM', 'III', 33]",False,"[7.6, 7.0, 9.4]","[0.0, 0.0, 0.0]",0.5,0,True,Kaisa,162,54,0.5185185185185185,False,"['PLATINUM', 'III', 18]",True,"[8.6, 5.8, 9.0]","[16.0, 3.0, 4.0]",1.0,1,False,Nautilus,200,79,0.5063291139240507,False,"['PLATINUM', 'III', 36]",False,"[4.4, 4.2, 11.8]","[1.0, 5.0, 6.0]",0.0,1,False
EUW1_6140134588,True,Aatrox,348,625,0.512,False,"['PLATINUM', 'III', 61]",False,"[10.0, 5.8, 7.8]","[0.0, 0.0, 0.0]",0.5,0,False,RekSai,145,511,0.5107632093933464,False,"['PLATINUM', 'III', 62]",False,"[8.6, 6.6, 12.4]","[10.5, 5.75, 7.5]",0.25,4,False,Yasuo,125,129,0.5348837209302325,False,"['PLATINUM', 'III', 81]",False,"[6.6, 3.4, 4.4]","[4.75, 4.25, 3.25]",0.5,4,False,Lucian,420,1629,0.5064456721915286,False,"['PLATINUM', 'II', 0]",False,"[7.0, 8.0, 8.8]","[0.0, 0.0, 0.0]",0.5,0,False,Lux,882,1162,0.49225473321858865,False,"['PLATINUM', 'III', 29]",False,"[3.6, 6.2, 12.6]","[4.666666666666667, 6.0, 10.666666666666666]",0.3333333333333333,3,False,Camille,473,451,0.5210643015521065,False,"['PLATINUM', 'II', 14]",False,"[5.4, 8.0, 6.6]","[8.5, 10.5, 8.5]",1.0,2,False,Udyr,559,562,0.50355871886121,False,"['PLATINUM', 'III', 74]",False,"[4.8, 7.2, 10.0]","[6.0, 3.0, 4.0]",1.0,1,True,Viktor,791,190,0.47368421052631576,False,"['PLATINUM', 'III', 46]",False,"[6.0, 5.4, 7.6]","[15.0, 5.0, 10.0]",1.0,1,False,Jinx,669,987,0.49746707193515705,False,"['PLATINUM', 'III', 74]",False,"[10.0, 6.4, 5.4]","[0.0, 0.0, 0.0]",0.5,0,True,Nami,762,635,0.49763779527559054,False,"['PLATINUM', 'III', 1]",False,"[3.4, 3.6, 16.2]","[1.0, 5.0, 29.0]",0.0,1,False
EUW1_6133024907,True,Gwen,495,107,0.5794392523364486,False,"['PLATINUM', 'III', 19]",False,"[8.4, 3.6, 3.8]","[0.0, 0.0, 0.0]",0.5,0,False,Rengar,35,45,0.6,False,"['GOLD', 'IV', 55]",False,"[4.6, 10.4, 7.4]","[4.666666666666667, 10.666666666666666, 5.0]",0.0,3,False,Syndra,41,103,0.5631067961165048,False,"['PLATINUM', 'III', 0]",False,"[9.2, 6.2, 3.2]","[0.0, 0.0, 0.0]",0.5,0,False,Ashe,35,56,0.5892857142857143,False,"['PLATINUM', 'IV', 0]",False,"[7.6, 5.2, 8.6]","[0.0, 0.0, 0.0]",0.5,0,False,Yuumi,537,94,0.425531914893617,False,"['GOLD', 'IV', 91]",True,"[2.8, 5.2, 9.0]","[4.0, 2.5, 13.0]",0.5,2,False,Irelia,39,57,0.5087719298245614,False,"['GOLD', 'I', 29]",False,"[4.6, 5.8, 2.6]","[6.0, 8.5, 0.5]",0.0,2,True,Sion,418,426,0.4859154929577465,False,"['PLATINUM', 'III', 0]",False,"[5.4, 7.2, 3.4]","[5.4, 7.2, 3.4]",0.4,5,True,Gragas,725,1005,0.5034825870646766,False,"['PLATINUM', 'IV', 91]",False,"[7.0, 7.6, 6.2]","[0.0, 0.0, 0.0]",0.5,0,True,Lucian,238,133,0.5488721804511278,False,"['PLATINUM', 'II', 54]",False,"[8.2, 6.2, 10.2]","[0.0, 0.0, 0.0]",0.5,0,False,Nami,496,396,0.5227272727272727,False,"['PLATINUM', 'IV', 81]",False,"[2.0, 5.2, 18.4]","[0.0, 0.0, 0.0]",0.5,0,False
EUW1_6141099405,False,Vladimir,312,532,0.5056390977443609,False,"['PLATINUM', 'III', 21]",False,"[7.2, 4.8, 8.2]","[7.2, 4.8, 8.2]",0.4,5,True,Evelynn,150,627,0.48963317384370014,False,"['PLATINUM', 'III', 15]",False,"[7.4, 7.4, 7.6]","[0.0, 0.0, 0.0]",0.5,0,False,Akshan,844,1911,0.5049712192569336,True,"['PLATINUM', 'III', 25]",False,"[3.4, 9.6, 9.0]","[4.0, 10.0, 11.0]",1.0,1,False,Twitch,72,193,0.5129533678756477,False,"['PLATINUM', 'III', 44]",False,"[5.2, 5.2, 5.0]","[7.0, 6.0, 5.0]",1.0,1,False,Janna,180,409,0.5012224938875306,False,"['PLATINUM', 'III', 49]",False,"[1.4, 5.6, 15.6]","[1.25, 3.25, 17.5]",0.75,4,False,Jax,510,2507,0.5089748703629836,True,"['PLATINUM', 'I', 51]",True,"[4.0, 2.6, 5.2]","[5.333333333333333, 2.0, 4.333333333333333]",1.0,3,False,Sejuani,371,122,0.5409836065573771,False,"['PLATINUM', 'II', 17]",False,"[4.8, 6.2, 5.8]","[0.0, 0.0, 0.0]",0.5,0,False,Vex,159,717,0.49372384937238495,False,"['PLATINUM', 'IV', 31]",False,"[6.0, 6.6, 4.0]","[0.0, 0.0, 0.0]",0.5,0,False,Jinx,373,1396,0.49283667621776506,False,"['PLATINUM', 'III', 62]",False,"[5.4, 9.0, 3.4]","[10.0, 9.0, 6.0]",1.0,1,True,Lulu,102,234,0.47435897435897434,False,"['PLATINUM', 'III', 98]",True,"[1.0, 3.8, 9.8]","[0.0, 0.0, 0.0]",0.5,0,False
EUW1_5842604063,False,Shen,74,99,0.5353535353535354,False,"['PLATINUM', 'II', 3]",False,"[2.2, 4.6, 7.0]","[3.3333333333333335, 3.0, 8.666666666666666]",0.3333333333333333,3,False,Shaco,511,701,0.5263908701854494,False,"['DIAMOND', 'IV', 1]",False,"[8.4, 5.8, 5.8]","[0.0, 0.0, 0.0]",0.5,0,True,Cassiopeia,731,577,0.5025996533795494,True,"['PLATINUM', 'IV', 51]",False,"[6.0, 4.4, 8.6]","[0.0, 0.0, 0.0]",0.5,0,False,Tristana,151,77,0.5584415584415584,False,"['PLATINUM', 'IV', 4]",False,"[8.8, 8.8, 8.6]","[0.0, 0.0, 0.0]",0.5,0,True,Lulu,188,89,0.5056179775280899,False,"['PLATINUM', 'III', 0]",False,"[13.6, 6.0, 5.0]","[0.0, 0.0, 0.0]",0.5,0,True,Aphelios,107,263,0.5741444866920152,False,"['PLATINUM', 'III', 75]",False,"[10.0, 9.2, 2.2]","[10.0, 9.2, 2.2]",0.6,5,False,Nunu,56,103,0.4854368932038835,False,"['PLATINUM', 'IV', 15]",False,"[6.0, 6.4, 7.0]","[0.0, 0.0, 0.0]",0.5,0,True,Zoe,599,1014,0.5187376725838264,False,"['DIAMOND', 'IV', 32]",False,"[8.2, 8.0, 11.6]","[0.0, 0.0, 0.0]",0.5,0,False,Ashe,89,580,0.4844827586206897,True,"['PLATINUM', 'IV', 0]",False,"[9.0, 8.2, 16.8]","[0.0, 0.0, 0.0]",0.5,0,True,Braum,53,256,0.46875,False,"['GOLD', 'IV', 68]",False,"[2.6, 4.6, 18.6]","[0.0, 0.0, 0.0]",0.5,0,False
EUW1_6110735545,False,Sion,280,240,0.5375,False,"['PLATINUM', 'III', 79]",False,"[5.0, 6.8, 6.4]","[0.0, 0.0, 0.0]",0.5,0,False,Mordekaiser,516,849,0.502944640753828,False,"['PLATINUM', 'II', 2]",False,"[8.8, 5.8, 15.2]","[0.0, 0.0, 0.0]",0.5,0,False,Azir,599,862,0.4965197215777262,False,"['PLATINUM', 'IV', 35]",False,"[9.2, 8.4, 14.6]","[10.0, 11.0, 18.0]",1.0,1,True,Aphelios,125,197,0.4873096446700508,False,"['PLATINUM', 'IV', 75]",False,"[3.4, 9.2, 6.0]","[0.0, 0.0, 0.0]",0.5,0,False,Twitch,497,1022,0.5088062622309197,False,"['PLATINUM', 'III', 43]",True,"[5.8, 5.4, 9.2]","[0.0, 0.0, 0.0]",0.5,0,True,Garen,184,317,0.5583596214511041,False,"['PLATINUM', 'II', 0]",False,"[7.2, 5.0, 4.8]","[5.0, 5.0, 2.0]",0.0,1,True,Ekko,299,219,0.5159817351598174,False,"['PLATINUM', 'II', 14]",False,"[9.4, 4.8, 10.6]","[11.0, 6.5, 10.5]",0.5,2,False,Talon,293,558,0.5268817204301075,False,"['PLATINUM', 'III', 89]",False,"[8.8, 8.4, 1.8]","[10.5, 10.0, 2.25]",0.25,4,False,Jhin,362,194,0.5,False,"['PLATINUM', 'IV', 85]",False,"[5.2, 5.2, 5.8]","[0.0, 0.0, 0.0]",0.5,0,True,Zyra,748,1253,0.48044692737430167,False,"['PLATINUM', 'IV', 65]",False,"[2.2, 3.2, 13.6]","[0.0, 0.0, 0.0]",0.5,0,False
EUW1_6128174914,True,Akali,273,233,0.5450643776824035,True,"['SILVER', 'III', 16]",False,"[4.6, 4.4, 4.8]","[0.0, 0.0, 0.0]",0.5,0,True,Rammus,433,333,0.5015015015015015,False,"['GOLD', 'IV', 46]",False,"[10.4, 5.6, 7.6]","[0.0, 0.0, 0.0]",0.5,0,False,Viktor,536,127,0.5433070866141733,False,"['PLATINUM', 'IV', 0]",False,"[7.8, 6.0, 10.4]","[0.0, 0.0, 0.0]",0.5,0,True,Ezreal,798,671,0.5156482861400894,False,"['DIAMOND', 'III', 8]",True,"[12.8, 6.6, 7.6]","[0.0, 0.0, 0.0]",0.5,0,False,Morgana,500,647,0.5224111282843895,False,"['PLATINUM', 'IV', 0]",False,"[1.0, 4.8, 12.2]","[0.0, 0.0, 0.0]",0.5,0,False,Renekton,130,461,0.48590021691973967,False,"['PLATINUM', 'IV', 75]",False,"[1.6, 5.8, 2.2]","[2.0, 5.666666666666667, 3.6666666666666665]",0.3333333333333333,3,True,Vi,316,111,0.5315315315315315,False,"['PLATINUM', 'IV', 0]",False,"[4.8, 7.6, 8.0]","[0.0, 0.0, 0.0]",0.5,0,True,Nunu,312,444,0.49774774774774777,False,"['GOLD', 'IV', 46]",False,"[4.6, 6.8, 8.4]","[0.0, 0.0, 0.0]",0.5,0,True,Vladimir,685,112,0.48214285714285715,False,"['GOLD', 'II', 81]",False,"[10.6, 5.4, 3.6]","[0.0, 0.0, 0.0]",0.5,0,True,Seraphine,441,243,0.51440329218107,False,"['BRONZE', 'II', 44]",False,"[1.2, 3.0, 13.2]","[0.0, 0.0, 0.0]",0.5,0,False
EUW1_6141762467,False,Irelia,160,357,0.5238095238095238,False,"['PLATINUM', 'III', 15]",False,"[7.0, 5.0, 2.4]","[8.666666666666666, 3.0, 2.0]",1.0,3,False,FiddleSticks,669,1245,0.4963855421686747,False,"['PLATINUM', 'III', 56]",False,"[6.4, 4.6, 11.0]","[6.4, 4.6, 11.0]",0.8,5,False,Yasuo,192,185,0.5135135135135135,False,"['PLATINUM', 'III', 14]",False,"[10.0, 3.4, 7.2]","[18.0, 8.0, 11.0]",1.0,1,False,Caitlyn,420,32,0.40625,False,"['GOLD', 'II', 69]",False,"[4.4, 9.8, 10.6]","[5.25, 9.75, 10.5]",0.5,4,False,Morgana,38,87,0.5057471264367817,False,"['PLATINUM', 'IV', 18]",False,"[4.8, 4.2, 8.8]","[0.0, 0.0, 0.0]",0.5,0,True,Singed,429,269,0.4795539033457249,False,"['PLATINUM', 'IV', 34]",False,"[3.4, 4.6, 16.4]","[3.4, 4.6, 16.4]",0.8,5,False,Nocturne,40,111,0.5495495495495496,False,"['PLATINUM', 'IV', 29]",False,"[6.0, 6.8, 12.2]","[8.0, 5.5, 11.5]",0.5,2,False,Sylas,40,111,0.5495495495495496,False,"['PLATINUM', 'IV', 29]",False,"[8.0, 8.6, 9.0]","[7.0, 10.666666666666666, 8.0]",0.0,3,False,Jinx,80,285,0.519298245614035,False,"['PLATINUM', 'III', 46]",False,"[8.0, 6.8, 7.4]","[12.666666666666666, 6.333333333333333, 10.0]",0.6666666666666666,3,False,Velkoz,335,672,0.5178571428571429,False,"['PLATINUM', 'III', 0]",False,"[3.6, 9.8, 9.0]","[4.0, 6.5, 9.0]",1.0,2,True
EUW1_6140622799,True,Shen,569,335,0.5194029850746269,False,"['SILVER', 'II', 1]",False,"[4.8, 3.4, 13.8]","[4.8, 3.4, 13.8]",0.8,5,False,Vi,319,65,0.4461538461538462,False,"['SILVER', 'III', 20]",False,"[8.2, 6.2, 7.6]","[6.5, 4.0, 8.5]",0.5,2,False,Veigar,330,184,0.4673913043478261,False,"['GOLD', 'IV', 4]",False,"[8.2, 5.0, 7.4]","[9.0, 4.5, 9.5]",0.5,2,False,Samira,229,116,0.5258620689655172,False,"['SILVER', 'I', 100]",True,"[7.6, 7.2, 10.2]","[10.0, 6.0, 10.0]",0.0,1,False,Ashe,484,842,0.5130641330166271,False,"['GOLD', 'III', 42]",False,"[1.4, 7.4, 11.8]","[1.3333333333333333, 6.0, 14.666666666666666]",0.3333333333333333,3,False,Maokai,211,104,0.5673076923076923,False,"['SILVER', 'I', 15]",False,"[4.8, 5.8, 11.6]","[0.0, 0.0, 0.0]",0.5,0,True,RekSai,390,395,0.5240506329113924,False,"['PLATINUM', 'II', 75]",False,"[5.4, 6.2, 5.4]","[0.0, 0.0, 0.0]",0.5,0,True,Qiyana,507,13,0.46153846153846156,False,"['GOLD', 'III', 54]",False,"[5.8, 8.4, 6.6]","[0.0, 0.0, 0.0]",0.5,0,False,Varus,405,105,0.5714285714285714,False,"['PLATINUM', 'III', 27]",False,"[9.2, 5.4, 6.4]","[0.0, 0.0, 0.0]",0.5,0,True,Renata,419,18,0.3888888888888889,False,"['GOLD', 'I', 28]",False,"[2.0, 9.0, 14.6]","[0.0, 9.0, 9.0]",0.0,1,False
EUW1_6140206387,True,KSante,469,763,0.5137614678899083,False,"['PLATINUM', 'II', 34]",False,"[5.8, 5.4, 6.8]","[0.0, 0.0, 0.0]",0.5,0,True,Rammus,326,492,0.508130081300813,False,"['PLATINUM', 'III', 22]",False,"[1.4, 4.4, 13.6]","[0.0, 0.0, 0.0]",0.5,0,True,Viktor,189,24,0.5833333333333334,False,"['BRONZE', 'I', 35]",False,"[3.6, 8.0, 10.8]","[4.0, 7.0, 5.0]",0.0,1,False,Varus,429,262,0.5572519083969466,False,"['PLATINUM', 'III', 51]",False,"[3.6, 5.4, 9.4]","[0.0, 0.0, 0.0]",0.5,0,True,Morgana,247,202,0.5841584158415841,False,"['GOLD', 'IV', 23]",False,"[0.8, 5.4, 11.0]","[0.0, 0.0, 0.0]",0.5,0,False,Camille,684,328,0.5,True,"['PLATINUM', 'II', 22]",False,"[8.2, 4.2, 6.8]","[8.0, 8.0, 6.0]",1.0,1,False,Shaco,237,322,0.5093167701863354,False,"['GOLD', 'IV', 4]",False,"[5.6, 8.6, 6.4]","[14.0, 11.0, 17.0]",0.0,1,True,TwistedFate,64,28,0.5,False,"['SILVER', 'IV', 45]",False,"[6.2, 6.2, 1.6]","[1.0, 6.5, 1.0]",0.0,2,False,Ezreal,330,645,0.4992248062015504,False,"['PLATINUM', 'IV', 67]",False,"[6.2, 6.4, 5.8]","[0.0, 0.0, 0.0]",0.5,0,True,Lux,454,110,0.509090909090909,False,"['GOLD', 'II', 15]",False,"[3.4, 7.2, 4.4]","[0.0, 0.0, 0.0]",0.5,0,True
EUW1_6136455515,False,Darius,856,1612,0.500620347394541,False,"['PLATINUM', 'III', 50]",False,"[5.8, 6.8, 4.6]","[0.0, 0.0, 0.0]",0.5,0,False,Pantheon,56,197,0.467005076142132,False,"['GOLD', 'III', 75]",False,"[7.75, 7.0, 5.5]","[0.0, 0.0, 0.0]",0.5,0,False,Chogath,87,372,0.48118279569892475,False,"['PLATINUM', 'IV', 59]",False,"[5.2, 6.4, 7.4]","[0.0, 0.0, 0.0]",0.5,0,False,Veigar,480,660,0.5151515151515151,False,"['PLATINUM', 'I', 36]",False,"[2.2, 4.6, 6.4]","[0.0, 0.0, 0.0]",0.5,0,True,Nasus,390,290,0.5,False,"['GOLD', 'II', 64]",False,"[3.8, 5.4, 9.8]","[0.0, 0.0, 0.0]",0.5,0,True,Sett,433,1875,0.49706666666666666,False,"['PLATINUM', 'III', 55]",True,"[8.8, 4.2, 7.4]","[0.0, 0.0, 0.0]",0.5,0,True,MasterYi,443,254,0.48031496062992124,False,"['PLATINUM', 'III', 71]",False,"[4.4, 6.6, 7.4]","[0.0, 0.0, 0.0]",0.5,0,False,Ziggs,333,176,0.5113636363636364,False,"['GOLD', 'I', 64]",False,"[6.8, 3.8, 5.8]","[6.8, 3.8, 5.8]",0.6,5,False,Vayne,255,65,0.5692307692307692,False,"['GOLD', 'I', 100]",False,"[4.0, 7.2, 6.0]","[0.0, 0.0, 0.0]",0.5,0,False,Renata,235,361,0.5373961218836565,False,"['PLATINUM', 'IV', 66]",True,"[7.6, 4.8, 5.4]","[1.0, 6.0, 8.0]",0.0,1,True
EUW1_6140903748,True,Darius,182,127,0.4881889763779528,False,"['PLATINUM', 'I', 51]",False,"[4.6, 5.0, 3.6]","[0.0, 0.0, 0.0]",0.5,0,False,Lillia,438,120,0.5,False,"['PLATINUM', 'III', 62]",False,"[5.6, 5.4, 6.0]","[0.0, 0.0, 0.0]",0.5,0,False,Gangplank,413,477,0.4968553459119497,False,"['PLATINUM', 'IV', 35]",False,"[7.0, 4.6, 7.6]","[8.0, 5.0, 10.0]",1.0,1,False,Caitlyn,727,1044,0.5028735632183908,False,"['PLATINUM', 'II', 20]",False,"[7.0, 6.6, 8.8]","[0.0, 0.0, 0.0]",0.5,0,False,Karma,635,737,0.508819538670285,True,"['PLATINUM', 'III', 72]",False,"[3.6, 4.2, 11.0]","[0.0, 0.0, 0.0]",0.5,0,False,Nasus,147,136,0.47058823529411764,False,"['PLATINUM', 'IV', 40]",False,"[8.4, 5.0, 8.0]","[0.0, 0.0, 0.0]",0.5,0,True,JarvanIV,404,1249,0.5084067253803043,False,"['PLATINUM', 'III', 67]",False,"[10.4, 5.0, 17.4]","[10.4, 5.0, 17.4]",0.6,5,False,Yasuo,129,212,0.5141509433962265,False,"['PLATINUM', 'III', 55]",False,"[7.0, 7.0, 7.2]","[4.5, 5.5, 5.5]",0.5,2,False,MissFortune,311,715,0.4979020979020979,False,"['PLATINUM', 'II', 27]",False,"[4.0, 2.8, 4.6]","[0.0, 0.0, 0.0]",1.0,1,False,Trundle,76,213,0.5258215962441315,False,"['PLATINUM', 'III', 52]",False,"[4.0, 5.6, 6.8]","[0.0, 0.0, 0.0]",0.5,0,False
EUW1_6093954585,False,Quinn,64,145,0.5241379310344828,False,"['PLATINUM', 'III', 65]",False,"[3.6, 7.8, 6.4]","[0.0, 0.0, 0.0]",0.5,0,True,Blitzcrank,138,703,0.5035561877667141,True,"['PLATINUM', 'III', 13]",False,"[6.0, 4.4, 5.0]","[0.0, 0.0, 0.0]",0.5,0,True,Leblanc,504,1195,0.501255230125523,False,"['PLATINUM', 'III', 53]",True,"[6.2, 5.0, 10.6]","[0.0, 0.0, 0.0]",0.5,0,True,Draven,117,18,0.6111111111111112,False,"['PLATINUM', 'III', 44]",False,"[8.4, 4.6, 6.0]","[0.0, 0.0, 0.0]",0.5,0,True,Yuumi,213,103,0.6407766990291263,False,"['GOLD', 'II', 35]",False,"[1.4, 4.8, 12.4]","[3.0, 5.0, 9.0]",0.0,1,False,Garen,202,78,0.5512820512820513,False,"['PLATINUM', 'IV', 76]",False,"[6.6, 4.8, 8.0]","[6.0, 4.75, 8.0]",0.75,4,False,Pantheon,45,136,0.5514705882352942,False,"['DIAMOND', 'IV', 1]",False,"[13.6, 6.2, 4.8]","[13.6, 6.2, 4.8]",0.4,5,True,Viktor,335,1243,0.502815768302494,False,"['PLATINUM', 'II', 9]",False,"[5.4, 6.0, 4.6]","[0.0, 0.0, 0.0]",0.5,0,True,Aphelios,148,1005,0.4935323383084577,False,"['PLATINUM', 'I', 0]",False,"[4.8, 5.2, 4.6]","[1.0, 5.0, 5.0]",0.0,1,False,Nami,390,352,0.5056818181818182,False,"['DIAMOND', 'IV', 0]",False,"[3.4, 6.6, 12.0]","[0.0, 0.0, 0.0]",0.5,0,False
EUW1_6140291802,True,Gragas,117,16,0.875,False,"['SILVER', 'III', 34]",True,"[2.6, 5.8, 8.4]","[4.0, 6.0, 19.0]",1.0,1,False,Maokai,193,149,0.5704697986577181,False,"['PLATINUM', 'III', 75]",False,"[4.8, 5.8, 15.2]","[5.0, 5.333333333333333, 22.333333333333332]",1.0,3,False,Sett,334,118,0.576271186440678,False,"['GOLD', 'II', 12]",False,"[9.2, 4.2, 7.2]","[6.0, 7.0, 9.5]",0.5,2,False,Samira,440,204,0.5098039215686274,False,"['PLATINUM', 'IV', 0]",False,"[11.0, 7.2, 10.0]","[0.0, 0.0, 0.0]",0.5,0,True,Pyke,108,100,0.54,False,"['PLATINUM', 'II', 4]",False,"[9.6, 2.2, 11.8]","[9.6, 2.2, 11.8]",0.8,5,False,Riven,138,227,0.4713656387665198,False,"['PLATINUM', 'IV', 0]",False,"[4.6, 5.4, 6.6]","[4.6, 5.4, 6.6]",0.8,5,False,Kindred,145,231,0.4675324675324675,False,"['GOLD', 'II', 2]",False,"[6.0, 9.0, 3.4]","[14.0, 10.0, 5.0]",0.0,1,True,Leblanc,273,17,0.5294117647058824,False,"['GOLD', 'II', 85]",False,"[7.6, 6.6, 4.6]","[0.0, 0.0, 0.0]",0.5,0,False,Varus,48,20,0.5,False,"['GOLD', 'IV', 79]",False,"[13.8, 6.0, 6.0]","[10.0, 7.0, 8.0]",0.0,1,False,Thresh,419,645,0.5023255813953489,False,"['GOLD', 'II', 42]",False,"[5.4, 6.2, 11.6]","[0.0, 7.0, 15.0]",0.0,1,True
EUW1_6120969954,False,Fiora,257,8,0.25,False,"['BRONZE', 'IV', 35]",False,"[4.2, 7.8, 4.8]","[0.0, 0.0, 0.0]",0.5,0,False,Graves,53,114,0.5350877192982456,False,"['PLATINUM', 'II', 15]",False,"[2.6, 7.4, 6.4]","[0.0, 0.0, 0.0]",0.5,0,False,Kassadin,302,371,0.5094339622641509,False,"['PLATINUM', 'III', 0]",False,"[3.4, 6.8, 4.2]","[0.0, 0.0, 0.0]",0.5,0,True,Kaisa,273,323,0.5263157894736842,False,"['PLATINUM', 'II', 62]",False,"[6.8, 5.2, 6.6]","[0.0, 0.0, 0.0]",0.5,0,False,Renata,246,121,0.39669421487603307,False,"['PLATINUM', 'IV', 37]",False,"[3.4, 7.0, 6.2]","[0.0, 0.0, 0.0]",0.5,0,False,Maokai,692,804,0.4975124378109453,False,"['PLATINUM', 'II', 37]",False,"[6.8, 5.8, 3.8]","[1.0, 6.0, 1.0]",0.0,1,False,Lillia,588,22,0.4090909090909091,False,"['GOLD', 'IV', 82]",False,"[8.0, 5.8, 5.8]","[0.0, 0.0, 0.0]",0.5,0,False,AurelionSol,798,355,0.5070422535211268,False,"['PLATINUM', 'III', 67]",False,"[3.2, 3.6, 10.6]","[5.5, 4.0, 6.5]",0.5,2,False,Jhin,334,1103,0.514052583862194,False,"['PLATINUM', 'I', 0]",False,"[6.0, 6.6, 8.4]","[0.0, 0.0, 0.0]",0.5,0,True,Janna,239,183,0.5300546448087432,False,"['PLATINUM', 'II', 30]",False,"[4.6, 5.4, 8.8]","[0.0, 0.0, 0.0]",0.5,0,True
EUW1_6121192483,True,Nilah,40,75,0.5333333333333333,False,"['PLATINUM', 'III', 4]",False,"[4.2, 3.6, 5.2]","[4.25, 4.0, 3.5]",0.5,4,False,MonkeyKing,272,330,0.46060606060606063,False,"['PLATINUM', 'IV', 75]",False,"[3.2, 5.4, 4.8]","[3.2, 5.4, 4.8]",0.4,5,True,Sylas,44,154,0.564935064935065,False,"['PLATINUM', 'I', 37]",False,"[7.6, 3.8, 7.4]","[12.5, 4.5, 7.5]",0.5,2,False,Ashe,48,186,0.5483870967741935,False,"['PLATINUM', 'I', 11]",False,"[7.0, 4.2, 5.8]","[0.0, 0.0, 0.0]",0.5,0,True,Renata,147,674,0.5029673590504451,False,"['PLATINUM', 'II', 75]",False,"[2.6, 6.6, 20.0]","[0.0, 0.0, 0.0]",0.5,0,False,Jax,44,172,0.5290697674418605,False,"['PLATINUM', 'II', 0]",False,"[6.4, 2.8, 4.6]","[7.5, 3.0, 1.0]",0.0,2,True,MasterYi,96,62,0.41935483870967744,False,"['PLATINUM', 'III', 0]",False,"[3.2, 6.6, 8.2]","[0.0, 0.0, 0.0]",0.5,0,False,Akali,65,62,0.46774193548387094,False,"['PLATINUM', 'III', 53]",False,"[6.0, 6.0, 5.0]","[5.5, 5.5, 5.5]",0.0,2,False,Caitlyn,422,417,0.5107913669064749,False,"['PLATINUM', 'IV', 30]",False,"[4.2, 5.4, 5.2]","[0.0, 0.0, 0.0]",0.5,0,True,Soraka,115,256,0.56640625,False,"['PLATINUM', 'I', 14]",False,"[5.8, 9.0, 6.4]","[0.0, 0.0, 0.0]",0.5,0,True
EUW1_6137347745,False,Sion,215,12,0.5,False,"['BRONZE', 'II', 50]",False,"[1.8, 6.6, 4.8]","[0.0, 0.0, 0.0]",0.5,0,False,Belveth,94,67,0.582089552238806,False,"['PLATINUM', 'I', 58]",False,"[6.6, 4.4, 9.6]","[0.0, 0.0, 0.0]",0.5,0,False,Velkoz,147,155,0.5419354838709678,False,"['PLATINUM', 'III', 75]",False,"[5.6, 3.8, 4.8]","[0.0, 0.0, 0.0]",0.5,0,True,Sivir,146,530,0.5169811320754717,True,"['PLATINUM', 'IV', 22]",False,"[7.2, 4.8, 10.6]","[0.0, 0.0, 0.0]",0.5,0,True,Nautilus,85,292,0.5205479452054794,False,"['GOLD', 'III', 19]",False,"[1.2, 6.8, 13.4]","[0.0, 0.0, 0.0]",0.5,0,False,Nasus,47,65,0.6,False,"['GOLD', 'III', 61]",True,"[5.8, 5.2, 7.4]","[7.25, 4.5, 8.75]",1.0,4,False,Lillia,141,25,0.64,False,"['GOLD', 'I', 5]",False,"[15.2, 5.0, 4.0]","[0.0, 0.0, 0.0]",0.5,0,True,Syndra,434,31,0.8387096774193549,False,"['PLATINUM', 'IV', 24]",True,"[12.2, 5.6, 4.8]","[0.0, 0.0, 0.0]",0.5,0,True,Kaisa,170,79,0.45569620253164556,False,"['DIAMOND', 'IV', 0]",False,"[7.2, 3.6, 8.0]","[7.2, 3.6, 8.0]",1.0,5,False,Brand,49,128,0.53125,False,"['GOLD', 'I', 30]",False,"[4.8, 5.6, 14.0]","[9.5, 7.5, 10.0]",0.5,2,False
EUW1_6117893155,False,Sylas,486,844,0.523696682464455,False,"['PLATINUM', 'II', 0]",False,"[7.6, 6.0, 5.6]","[7.6, 6.0, 5.6]",0.6,5,True,Kayn,48,201,0.4975124378109453,False,"['PLATINUM', 'IV', 0]",False,"[7.6, 6.2, 4.4]","[7.6, 6.2, 4.4]",0.0,5,False,Quinn,346,589,0.5110356536502547,False,"['PLATINUM', 'IV', 75]",False,"[2.2, 8.8, 6.4]","[0.0, 0.0, 0.0]",0.5,0,False,Samira,209,244,0.5081967213114754,False,"['PLATINUM', 'III', 75]",False,"[7.4, 7.0, 6.2]","[4.0, 6.5, 4.5]",0.0,2,False,Sona,429,1379,0.5134155184916607,False,"['PLATINUM', 'IV', 0]",False,"[11.0, 6.6, 6.0]","[0.0, 0.0, 0.0]",0.5,0,True,Morgana,595,1039,0.4918190567853705,True,"['PLATINUM', 'II', 3]",True,"[1.0, 7.8, 13.4]","[0.0, 0.0, 0.0]",0.5,0,True,Shaco,282,623,0.507223113964687,False,"['PLATINUM', 'II', 28]",False,"[10.6, 7.8, 6.8]","[10.6, 7.8, 6.8]",0.4,5,False,Akshan,87,258,0.5930232558139535,False,"['PLATINUM', 'II', 16]",False,"[8.0, 5.4, 5.6]","[8.0, 5.4, 5.6]",0.2,5,False,Varus,498,1537,0.4983734547820429,True,"['PLATINUM', 'III', 50]",False,"[8.4, 3.8, 7.0]","[0.0, 0.0, 0.0]",0.5,0,False,TahmKench,89,774,0.5167958656330749,False,"['PLATINUM', 'IV', 48]",False,"[2.2, 6.4, 12.6]","[0.0, 0.0, 0.0]",0.5,0,False
EUW1_5796133744,True,Sion,191,147,0.5170068027210885,False,"['SILVER', 'IV', 55]",False,"[4.0, 6.4, 4.6]","[5.0, 11.0, 2.0]",0.0,1,False,Shaco,243,14,0.5714285714285714,False,"['BRONZE', 'I', 0]",False,"[10.0, 6.8, 10.6]","[6.0, 4.0, 1.0]",0.0,1,False,Irelia,168,253,0.5138339920948617,False,"['SILVER', 'II', 0]",False,"[8.0, 5.8, 5.4]","[0.0, 0.0, 0.0]",0.5,0,False,Sivir,71,150,0.5466666666666666,False,"['PLATINUM', 'III', 45]",False,"[12.4, 2.6, 5.0]","[0.0, 0.0, 0.0]",0.5,0,False,Zyra,257,45,0.3333333333333333,False,"['IRON', 'I', 12]",False,"[1.6, 7.0, 4.8]","[0.0, 0.0, 0.0]",0.5,0,False,Darius,410,148,0.4527027027027027,False,"['SILVER', 'III', 45]",False,"[5.8, 6.8, 11.8]","[0.0, 0.0, 0.0]",0.5,0,True,Zac,103,7,0.8571428571428571,False,"['GOLD', 'II', 11]",False,"[3.4, 5.0, 9.0]","[0.0, 0.0, 0.0]",0.5,0,True,Lux,166,74,0.4864864864864865,False,"['GOLD', 'IV', 56]",True,"[3.4, 3.2, 15.6]","[4.0, 3.5, 14.5]",0.5,2,True,Ashe,331,87,0.47126436781609193,False,"['SILVER', 'IV', 8]",False,"[2.6, 3.4, 17.0]","[0.0, 0.0, 0.0]",0.5,0,True,Morgana,71,24,0.375,False,"['BRONZE', 'II', 82]",False,"[3.0, 3.8, 7.2]","[0.0, 0.0, 0.0]",0.5,0,True
EUW1_6136191640,False,Jax,183,64,0.59375,False,"['GOLD', 'IV', 18]",False,"[2.8, 5.0, 3.4]","[3.6666666666666665, 5.666666666666667, 4.666666666666667]",0.6666666666666666,3,False,Trundle,435,42,0.5952380952380952,False,"['GOLD', 'IV', 66]",False,"[2.6, 3.6, 7.2]","[1.0, 4.0, 2.0]",0.0,1,True,Azir,470,212,0.5424528301886793,True,"['MASTER', 'I', 188]",False,"[9.4, 4.2, 6.6]","[0.0, 0.0, 0.0]",0.5,0,True,Tristana,73,128,0.5390625,False,"['PLATINUM', 'III', 59]",False,"[10.8, 5.0, 8.0]","[9.0, 8.0, 16.0]",1.0,1,False,Leblanc,308,562,0.49466192170818507,False,"['PLATINUM', 'III', 75]",False,"[4.6, 8.0, 8.2]","[5.0, 7.333333333333333, 10.333333333333334]",0.3333333333333333,3,False,Garen,33,28,0.6071428571428571,False,"['GOLD', 'IV', 23]",False,"[3.0, 6.6, 0.8]","[4.333333333333333, 5.666666666666667, 0.6666666666666666]",0.6666666666666666,3,False,Graves,275,69,0.5072463768115942,False,"['PLATINUM', 'IV', 78]",False,"[6.4, 7.6, 4.4]","[12.0, 5.0, 7.0]",1.0,1,True,Vex,113,284,0.5246478873239436,False,"['PLATINUM', 'III', 17]",True,"[5.6, 4.8, 7.8]","[0.0, 0.0, 0.0]",0.5,0,False,Caitlyn,262,168,0.5238095238095238,False,"['DIAMOND', 'IV', 36]",False,"[9.4, 7.4, 7.0]","[11.0, 10.0, 7.0]",0.0,1,False,Morgana,73,99,0.46464646464646464,False,"['GOLD', 'III', 4]",False,"[1.8, 6.4, 12.2]","[3.0, 10.0, 8.0]",0.0,1,False
EUW1_6141354263,True,Aatrox,258,105,0.44761904761904764,False,"['GOLD', 'IV', 0]",False,"[6.0, 5.4, 6.8]","[2.0, 1.0, 0.0]",1.0,1,False,Nunu,40,69,0.5072463768115942,False,"['SILVER', 'I', 76]",False,"[6.2, 6.6, 12.6]","[5.0, 5.0, 19.0]",0.5,2,False,Akali,486,238,0.5504201680672269,False,"['PLATINUM', 'III', 75]",False,"[12.2, 7.0, 5.4]","[0.0, 0.0, 0.0]",0.5,0,False,Ashe,480,81,0.48148148148148145,False,"['GOLD', 'I', 0]",False,"[10.0, 9.0, 9.6]","[5.0, 11.0, 15.0]",1.0,1,False,Taric,195,75,0.5066666666666667,False,"['SILVER', 'IV', 8]",False,"[0.6, 8.4, 15.6]","[0.3333333333333333, 8.0, 21.0]",0.6666666666666666,3,False,KSante,382,103,0.6116504854368932,False,"['PLATINUM', 'IV', 0]",False,"[9.4, 6.4, 5.4]","[3.0, 9.0, 1.0]",0.0,1,False,Viego,296,163,0.4233128834355828,False,"['GOLD', 'IV', 0]",False,"[5.0, 7.4, 9.8]","[3.5, 8.5, 9.5]",0.5,2,True,Yone,328,204,0.4411764705882353,False,"['SILVER', 'III', 26]",False,"[9.0, 4.2, 11.6]","[0.0, 0.0, 0.0]",0.5,0,False,Kaisa,412,403,0.5062034739454094,False,"['PLATINUM', 'IV', 0]",False,"[9.8, 4.8, 7.2]","[0.0, 0.0, 0.0]",0.5,0,False,Alistar,315,188,0.4946808510638298,False,"['GOLD', 'III', 75]",False,"[2.6, 4.0, 18.4]","[2.6, 4.0, 18.4]",1.0,5,False
EUW1_6136179214,True,Akshan,253,248,0.5564516129032258,False,"['PLATINUM', 'III', 75]",False,"[7.6, 5.0, 5.6]","[7.6, 5.0, 5.6]",0.6,5,False,Belveth,53,235,0.46382978723404256,False,"['PLATINUM', 'III', 59]",False,"[5.0, 9.4, 9.4]","[0.0, 0.0, 0.0]",0.5,0,True,Akali,44,92,0.6413043478260869,False,"['DIAMOND', 'II', 73]",False,"[11.2, 5.8, 4.8]","[10.75, 6.25, 4.0]",0.75,4,False,Ezreal,416,1174,0.49318568994889267,False,"['PLATINUM', 'III', 27]",False,"[8.2, 5.8, 6.4]","[0.0, 0.0, 0.0]",0.5,0,False,Yuumi,330,169,0.6094674556213018,False,"['GOLD', 'I', 95]",False,"[1.4, 4.4, 13.8]","[1.5, 2.5, 7.0]",0.5,2,False,Jayce,65,115,0.6086956521739131,False,"['PLATINUM', 'III', 0]",False,"[6.6, 6.0, 6.8]","[0.0, 0.0, 0.0]",0.5,0,True,Vi,132,964,0.5062240663900415,False,"['PLATINUM', 'III', 35]",False,"[4.8, 6.6, 6.0]","[0.0, 0.0, 0.0]",0.5,0,False,Syndra,134,80,0.5125,False,"['PLATINUM', 'IV', 23]",False,"[5.0, 5.0, 4.0]","[5.0, 5.0, 4.0]",0.4,5,False,KogMaw,167,47,0.574468085106383,False,"['PLATINUM', 'I', 17]",False,"[2.4, 4.8, 9.2]","[0.0, 0.0, 0.0]",0.5,0,True,Lulu,340,306,0.4738562091503268,False,"['GOLD', 'II', 75]",False,"[5.8, 5.0, 13.4]","[0.0, 0.0, 0.0]",0.5,0,False
EUW1_6132185798,True,Quinn,817,1125,0.5075555555555555,False,"['PLATINUM', 'III', 29]",False,"[3.2, 6.4, 10.2]","[0.0, 0.0, 0.0]",0.5,0,True,Zac,180,324,0.4876543209876543,False,"['PLATINUM', 'IV', 28]",False,"[8.8, 4.8, 6.0]","[0.0, 0.0, 0.0]",0.5,0,True,Vladimir,631,228,0.5701754385964912,False,"['PLATINUM', 'II', 14]",False,"[7.0, 8.0, 11.8]","[0.0, 0.0, 0.0]",0.5,0,True,Draven,269,300,0.5133333333333333,False,"['PLATINUM', 'II', 25]",False,"[8.4, 6.2, 4.8]","[8.5, 6.5, 5.25]",0.25,4,False,Lux,267,289,0.5121107266435986,False,"['PLATINUM', 'III', 31]",False,"[3.0, 3.8, 9.4]","[3.0, 3.8, 9.4]",0.4,5,False,Riven,360,12,0.6666666666666666,False,"['GOLD', 'I', 70]",False,"[5.6, 6.6, 5.6]","[4.5, 7.0, 6.5]",1.0,2,True,Ekko,126,622,0.5096463022508039,False,"['PLATINUM', 'III', 15]",False,"[3.4, 4.2, 5.6]","[0.0, 0.0, 0.0]",0.5,0,True,Yone,93,211,0.4881516587677725,False,"['PLATINUM', 'III', 35]",False,"[6.8, 7.0, 8.4]","[0.0, 0.0, 0.0]",0.5,0,False,Kaisa,272,382,0.5052356020942408,False,"['PLATINUM', 'III', 62]",False,"[10.2, 5.4, 9.2]","[10.666666666666666, 6.0, 8.666666666666666]",0.6666666666666666,3,False,Bard,282,53,0.37735849056603776,False,"['GOLD', 'IV', 75]",False,"[9.2, 9.8, 10.0]","[0.0, 0.0, 0.0]",0.5,0,True
EUW1_6109243991,False,Sett,513,174,0.5459770114942529,False,"['PLATINUM', 'III', 44]",False,"[2.2, 3.8, 3.0]","[0.0, 0.0, 0.0]",0.5,0,False,Blitzcrank,367,918,0.4989106753812636,False,"['PLATINUM', 'IV', 46]",False,"[2.4, 6.4, 8.8]","[0.0, 0.0, 0.0]",0.5,0,True,Sylas,179,484,0.4793388429752066,False,"['PLATINUM', 'III', 40]",False,"[4.2, 6.2, 2.8]","[0.0, 0.0, 0.0]",0.5,0,False,Zeri,594,175,0.5485714285714286,False,"['PLATINUM', 'IV', 71]",False,"[5.6, 7.4, 5.4]","[0.0, 0.0, 0.0]",0.5,0,False,MissFortune,563,405,0.5234567901234568,False,"['PLATINUM', 'III', 43]",False,"[4.6, 7.6, 12.4]","[0.0, 0.0, 0.0]",0.5,0,False,Warwick,98,175,0.5714285714285714,False,"['PLATINUM', 'IV', 33]",False,"[5.8, 8.8, 7.8]","[9.0, 11.0, 11.0]",0.0,2,True,Sejuani,223,475,0.5157894736842106,False,"['DIAMOND', 'IV', 1]",False,"[2.4, 5.6, 13.0]","[2.4, 5.6, 13.0]",0.6,5,False,Singed,199,225,0.44,False,"['GOLD', 'II', 75]",False,"[6.4, 5.4, 5.2]","[9.5, 7.0, 4.5]",0.0,2,True,Varus,69,485,0.5402061855670103,False,"['DIAMOND', 'III', 37]",False,"[8.2, 9.0, 4.4]","[10.25, 7.5, 4.75]",0.5,4,False,Rakan,460,1255,0.5059760956175299,False,"['PLATINUM', 'IV', 75]",False,"[3.2, 5.6, 11.6]","[2.0, 3.0, 7.0]",0.0,1,False
EUW1_6135585038,False,Sion,190,89,0.449438202247191,False,"['PLATINUM', 'III', 6]",False,"[9.4, 8.6, 6.2]","[7.5, 12.5, 5.0]",0.0,2,False,Viego,427,393,0.5063613231552163,True,"['PLATINUM', 'I', 60]",False,"[4.8, 4.0, 7.2]","[0.0, 0.0, 0.0]",0.5,0,False,Ahri,794,466,0.4957081545064378,True,"['PLATINUM', 'IV', 14]",False,"[8.6, 7.6, 6.8]","[0.0, 0.0, 0.0]",0.5,0,False,Varus,473,186,0.5053763440860215,False,"['PLATINUM', 'II', 6]",False,"[7.75, 8.0, 8.5]","[6.0, 6.0, 7.0]",0.0,1,True,Nami,636,113,0.5132743362831859,False,"['PLATINUM', 'IV', 54]",False,"[3.4, 9.2, 14.4]","[0.0, 8.0, 3.0]",0.0,1,False,Mordekaiser,298,566,0.5,False,"['PLATINUM', 'IV', 41]",False,"[7.6, 8.6, 4.2]","[0.0, 0.0, 0.0]",0.5,0,True,Hecarim,265,748,0.5093582887700535,False,"['PLATINUM', 'III', 96]",True,"[8.6, 3.4, 6.0]","[11.0, 2.0, 6.666666666666667]",1.0,3,False,Shen,341,124,0.532258064516129,False,"['PLATINUM', 'II', 67]",False,"[5.6, 7.0, 10.4]","[0.0, 0.0, 0.0]",0.5,0,True,Jhin,503,1432,0.5062849162011173,False,"['GOLD', 'I', 72]",False,"[9.4, 4.6, 13.0]","[0.0, 0.0, 0.0]",0.5,0,True,Soraka,480,325,0.5323076923076923,False,"['PLATINUM', 'II', 14]",False,"[9.0, 9.0, 8.8]","[0.0, 0.0, 0.0]",0.5,0,True
EUW1_6107615453,False,Sejuani,270,85,0.5411764705882353,False,"['GOLD', 'II', 6]",False,"[5.4, 9.2, 8.8]","[0.0, 0.0, 0.0]",0.5,0,False,Viego,374,171,0.52046783625731,False,"['PLATINUM', 'IV', 79]",False,"[9.0, 3.0, 6.0]","[0.0, 0.0, 0.0]",0.5,0,False,Leblanc,314,85,0.6,False,"['GOLD', 'II', 72]",False,"[9.4, 6.0, 3.8]","[0.0, 0.0, 0.0]",0.5,0,False,Vayne,405,5,0.4,False,"['BRONZE', 'IV', 97]",False,"[7.4, 6.8, 4.8]","[4.0, 6.0, 3.0]",0.0,1,True,Heimerdinger,370,489,0.49079754601226994,False,"['GOLD', 'III', 75]",False,"[7.0, 9.4, 11.8]","[9.0, 9.0, 9.666666666666666]",0.3333333333333333,3,False,Garen,227,208,0.4807692307692308,False,"['GOLD', 'I', 11]",False,"[4.6, 8.4, 10.2]","[6.0, 8.0, 4.0]",0.3333333333333333,3,False,Maokai,73,461,0.5162689804772235,False,"['PLATINUM', 'III', 60]",False,"[4.6, 4.6, 6.4]","[4.6, 4.6, 6.4]",0.4,5,False,Sylas,303,407,0.5233415233415234,False,"['GOLD', 'II', 85]",False,"[7.0, 4.8, 2.8]","[0.0, 0.0, 0.0]",0.5,0,True,Samira,341,692,0.5260115606936416,False,"['DIAMOND', 'IV', 59]",False,"[2.4, 5.2, 10.8]","[0.0, 0.0, 0.0]",0.5,0,True,Lulu,435,391,0.5370843989769821,False,"['PLATINUM', 'IV', 4]",False,"[2.4, 7.0, 17.8]","[2.0, 5.333333333333333, 20.0]",1.0,3,False
EUW1_6136945490,True,Jax,347,427,0.5386416861826698,False,"['GOLD', 'IV', 16]",False,"[4.4, 7.2, 6.0]","[0.0, 0.0, 0.0]",0.5,0,True,Shaco,267,468,0.5085470085470085,False,"['SILVER', 'IV', 12]",False,"[7.2, 8.2, 12.4]","[0.0, 0.0, 0.0]",0.5,0,True,Leblanc,283,64,0.625,False,"['PLATINUM', 'III', 46]",True,"[4.2, 9.2, 6.0]","[0.0, 0.0, 0.0]",0.5,0,False,Jhin,170,39,0.5384615384615384,False,"['SILVER', 'II', 48]",False,"[7.6, 8.2, 5.4]","[0.0, 0.0, 0.0]",0.5,0,False,Nami,117,28,0.39285714285714285,False,"['BRONZE', 'II', 93]",False,"[1.6, 3.0, 12.6]","[1.75, 3.25, 13.75]",0.5,4,False,Tryndamere,168,57,0.47368421052631576,False,"['SILVER', 'IV', 0]",False,"[8.4, 6.6, 7.2]","[0.0, 0.0, 0.0]",0.5,0,True,Udyr,631,85,0.47058823529411764,False,"['SILVER', 'IV', 32]",False,"[9.6, 10.8, 7.4]","[0.0, 0.0, 0.0]",0.5,0,False,Corki,183,38,0.5263157894736842,False,"['BRONZE', 'IV', 61]",False,"[4.4, 9.2, 7.8]","[0.0, 0.0, 0.0]",0.5,0,False,Akshan,335,323,0.5077399380804953,True,"['GOLD', 'IV', 0]",False,"[1.8, 7.8, 3.6]","[0.0, 0.0, 0.0]",0.5,0,True,Sona,156,129,0.4806201550387597,False,"['IRON', 'I', 37]",False,"[0.6, 5.8, 5.4]","[0.0, 0.0, 0.0]",0.5,0,False
EUW1_6088409082,True,Pantheon,248,756,0.5211640211640212,False,"['PLATINUM', 'I', 0]",False,"[5.4, 6.4, 4.0]","[5.4, 6.4, 4.0]",0.2,5,False,Nunu,187,462,0.49134199134199136,False,"['PLATINUM', 'II', 14]",False,"[7.8, 4.8, 11.2]","[7.333333333333333, 4.666666666666667, 12.0]",0.6666666666666666,3,False,Ekko,247,238,0.5168067226890757,False,"['PLATINUM', 'I', 40]",False,"[13.2, 4.2, 7.0]","[13.2, 4.2, 7.0]",0.6,5,True,Samira,224,1062,0.4934086629001883,False,"['PLATINUM', 'II', 0]",False,"[9.8, 8.2, 6.6]","[15.333333333333334, 5.666666666666667, 8.0]",0.6666666666666666,3,False,Nautilus,117,632,0.5079113924050633,False,"['PLATINUM', 'III', 1]",False,"[8.8, 4.6, 8.6]","[0.0, 0.0, 0.0]",0.5,0,True,Darius,128,499,0.4749498997995992,False,"['PLATINUM', 'III', 33]",False,"[5.2, 8.0, 4.2]","[0.0, 0.0, 0.0]",0.5,0,False,Graves,217,425,0.5458823529411765,False,"['PLATINUM', 'II', 67]",False,"[4.8, 5.6, 3.8]","[0.0, 0.0, 0.0]",0.5,0,True,Sylas,319,491,0.5091649694501018,False,"['PLATINUM', 'II', 0]",False,"[9.6, 4.4, 6.8]","[0.0, 0.0, 0.0]",0.5,0,True,MissFortune,320,160,0.54375,False,"['PLATINUM', 'II', 49]",False,"[5.4, 6.8, 10.4]","[0.0, 0.0, 0.0]",0.5,0,True,Zilean,462,395,0.49873417721518987,False,"['PLATINUM', 'III', 66]",True,"[3.8, 4.2, 21.4]","[4.0, 5.333333333333333, 22.666666666666668]",1.0,3,False
EUW1_6125389293,True,Jax,165,226,0.5088495575221239,False,"['PLATINUM', 'II', 24]",False,"[3.6, 3.6, 4.8]","[0.0, 0.0, 0.0]",0.5,0,False,Shyvana,173,180,0.5111111111111111,False,"['GOLD', 'I', 46]",False,"[5.4, 2.0, 4.2]","[4.5, 1.75, 5.0]",0.5,4,True,Syndra,255,595,0.5277310924369748,False,"['PLATINUM', 'III', 40]",False,"[4.4, 7.4, 2.0]","[4.666666666666667, 7.333333333333333, 1.6666666666666667]",0.0,3,False,Sivir,363,465,0.535483870967742,False,"['PLATINUM', 'IV', 89]",True,"[6.8, 7.8, 7.4]","[0.0, 0.0, 0.0]",0.5,0,False,Yuumi,635,2069,0.49927501208313196,False,"['PLATINUM', 'III', 89]",False,"[11.2, 5.8, 9.8]","[0.0, 0.0, 0.0]",0.5,0,True,Aatrox,456,327,0.5076452599388379,False,"['PLATINUM', 'IV', 2]",False,"[6.2, 5.0, 8.4]","[0.0, 0.0, 0.0]",0.5,0,True,RekSai,330,93,0.5268817204301075,False,"['PLATINUM', 'II', 99]",False,"[4.2, 5.0, 9.6]","[0.0, 0.0, 0.0]",0.5,0,False,Xerath,226,112,0.5267857142857143,False,"['PLATINUM', 'IV', 50]",False,"[5.2, 6.6, 12.0]","[5.2, 6.6, 12.0]",0.6,5,True,MissFortune,430,340,0.5117647058823529,False,"['GOLD', 'II', 67]",False,"[10.6, 6.4, 5.2]","[10.5, 5.0, 7.0]",0.5,2,False,Blitzcrank,572,259,0.4980694980694981,False,"['PLATINUM', 'III', 0]",False,"[1.6, 5.0, 8.4]","[1.6, 5.0, 8.4]",0.4,5,False
EUW1_6138338422,False,Sett,382,118,0.5338983050847458,False,"['PLATINUM', 'II', 0]",False,"[3.2, 5.6, 4.6]","[0.0, 0.0, 0.0]",0.5,0,True,Sejuani,318,57,0.5263157894736842,False,"['PLATINUM', 'IV', 20]",False,"[2.4, 2.8, 11.0]","[2.4, 2.8, 11.0]",0.6,5,False,Gragas,223,190,0.43157894736842106,False,"['PLATINUM', 'III', 53]",False,"[9.2, 6.6, 3.6]","[4.0, 9.0, 0.0]",0.0,1,False,Kaisa,396,863,0.49710312862108924,False,"['PLATINUM', 'IV', 60]",False,"[6.8, 8.8, 6.4]","[3.0, 7.0, 4.0]",0.0,1,True,Thresh,277,240,0.49583333333333335,False,"['GOLD', 'II', 31]",False,"[3.0, 4.2, 13.4]","[3.0, 4.2, 13.4]",0.4,5,False,Shen,720,80,0.55,False,"['PLATINUM', 'III', 37]",False,"[3.2, 4.2, 9.2]","[1.0, 8.0, 7.0]",0.0,1,True,Rammus,572,15,0.3333333333333333,False,"['SILVER', 'IV', 0]",False,"[3.8, 3.8, 7.4]","[4.25, 3.25, 9.25]",0.5,4,False,Fizz,631,1160,0.5120689655172413,True,"['PLATINUM', 'II', 38]",False,"[9.6, 5.0, 6.2]","[9.6, 5.0, 6.2]",0.4,5,False,Aphelios,335,194,0.5463917525773195,False,"['PLATINUM', 'II', 80]",True,"[11.8, 4.0, 6.6]","[0.0, 0.0, 0.0]",0.5,0,False,Seraphine,477,88,0.5568181818181818,False,"['GOLD', 'I', 90]",False,"[2.0, 6.8, 13.8]","[0.0, 0.0, 0.0]",0.5,0,False
EUW1_6140975713,True,Ornn,244,383,0.5509138381201044,False,"['GOLD', 'IV', 77]",False,"[2.6, 5.4, 5.0]","[3.0, 4.0, 1.0]",1.0,1,False,Kayn,330,443,0.5214446952595937,False,"['GOLD', 'IV', 49]",False,"[7.0, 7.8, 5.0]","[0.0, 0.0, 0.0]",1.0,1,True,Azir,383,124,0.5,False,"['PLATINUM', 'IV', 66]",True,"[6.0, 6.2, 7.8]","[1.5, 1.5, 2.5]",1.0,2,False,Varus,586,485,0.5010309278350515,False,"['PLATINUM', 'III', 63]",False,"[12.8, 5.6, 9.4]","[10.0, 5.0, 7.0]",1.0,2,False,Thresh,405,326,0.5061349693251533,False,"['GOLD', 'IV', 28]",False,"[3.6, 5.8, 15.4]","[0.0, 4.5, 16.5]",1.0,2,True,Kennen,107,468,0.5192307692307693,False,"['GOLD', 'II', 64]",False,"[10.4, 3.2, 7.0]","[0.0, 0.0, 0.0]",0.5,0,True,Zac,225,1113,0.49595687331536387,False,"['GOLD', 'IV', 12]",False,"[5.2, 10.0, 5.4]","[0.0, 0.0, 0.0]",0.5,0,True,Swain,405,115,0.4608695652173913,False,"['GOLD', 'IV', 0]",False,"[4.8, 7.2, 5.4]","[0.0, 0.0, 0.0]",0.5,0,True,Twitch,431,579,0.4991364421416235,False,"['PLATINUM', 'IV', 0]",False,"[11.6, 7.6, 7.0]","[10.0, 4.5, 3.5]",0.5,2,False,Sett,401,191,0.5916230366492147,False,"['DIAMOND', 'III', 46]",True,"[0.6, 7.2, 12.8]","[0.0, 0.0, 0.0]",0.5,0,False
EUW1_6140303272,False,Riven,119,119,0.4789915966386555,False,"['PLATINUM', 'III', 79]",False,"[7.8, 5.2, 6.4]","[9.5, 4.25, 6.75]",0.75,4,False,Nunu,380,440,0.5227272727272727,False,"['PLATINUM', 'III', 23]",False,"[5.8, 7.2, 11.4]","[6.0, 6.0, 17.0]",0.3333333333333333,3,False,Orianna,403,563,0.5026642984014209,False,"['PLATINUM', 'IV', 0]",False,"[5.6, 9.8, 8.0]","[0.0, 0.0, 0.0]",0.5,0,False,Jinx,185,142,0.4859154929577465,False,"['PLATINUM', 'III', 28]",False,"[10.0, 6.6, 5.2]","[16.0, 3.0, 8.0]",1.0,1,False,Amumu,210,149,0.48322147651006714,False,"['GOLD', 'I', 77]",False,"[2.4, 8.0, 11.0]","[2.25, 8.5, 11.25]",0.5,4,False,Aatrox,118,1085,0.5161290322580645,False,"['PLATINUM', 'III', 79]",False,"[4.8, 4.0, 2.8]","[5.5, 3.75, 3.25]",0.75,4,False,Hecarim,535,391,0.5345268542199488,False,"['PLATINUM', 'III', 73]",True,"[5.2, 6.4, 12.2]","[0.0, 0.0, 0.0]",0.5,0,False,Sylas,509,776,0.5051546391752577,False,"['PLATINUM', 'III', 0]",False,"[6.4, 7.2, 8.8]","[7.0, 6.0, 6.5]",0.5,2,False,Karthus,359,348,0.5172413793103449,False,"['PLATINUM', 'III', 21]",False,"[17.8, 5.6, 6.6]","[0.0, 0.0, 0.0]",0.5,0,False,Leona,46,88,0.5681818181818182,False,"['PLATINUM', 'IV', 56]",False,"[4.8, 7.8, 8.4]","[0.0, 0.0, 0.0]",0.5,0,True
EUW1_6141746583,False,Olaf,144,497,0.48490945674044267,True,"['PLATINUM', 'II', 52]",True,"[6.4, 2.8, 5.2]","[0.0, 0.0, 0.0]",0.5,0,False,Viego,638,893,0.5016797312430011,False,"['PLATINUM', 'IV', 75]",False,"[3.6, 5.2, 8.4]","[0.0, 0.0, 0.0]",0.5,0,False,Akali,65,170,0.47058823529411764,True,"['PLATINUM', 'III', 4]",True,"[3.2, 3.4, 11.4]","[3.0, 3.0, 4.0]",1.0,1,False,Jinx,427,426,0.5164319248826291,True,"['PLATINUM', 'III', 46]",False,"[2.2, 5.2, 2.8]","[0.0, 0.0, 0.0]",0.5,0,True,Soraka,480,19,0.5789473684210527,False,"['GOLD', 'I', 29]",False,"[2.4, 6.0, 12.0]","[0.0, 0.0, 0.0]",0.5,0,False,KSante,476,124,0.5967741935483871,False,"['PLATINUM', 'II', 52]",False,"[9.2, 4.2, 9.8]","[0.0, 0.0, 0.0]",0.5,0,True,Zac,163,163,0.5030674846625767,False,"['PLATINUM', 'II', 10]",True,"[6.4, 8.6, 11.2]","[8.0, 8.0, 13.0]",0.3333333333333333,3,False,Syndra,667,303,0.5379537953795379,False,"['PLATINUM', 'I', 100]",True,"[7.0, 5.4, 9.0]","[4.5, 3.5, 9.0]",0.5,2,False,Lucian,315,333,0.5075075075075075,False,"['PLATINUM', 'III', 82]",False,"[7.0, 5.8, 10.6]","[8.0, 6.0, 12.25]",0.75,4,False,Nami,389,131,0.5190839694656488,False,"['PLATINUM', 'III', 41]",False,"[2.4, 5.6, 16.6]","[2.6666666666666665, 5.666666666666667, 20.0]",0.6666666666666666,3,False
